<?xml version="1.0" encoding='UTF-8' standalone='no' ?>
<!DOCTYPE score-partwise PUBLIC "-//Recordare//DTD MusicXML 3.0 Partwise//EN" "http://www.musicxml.org/dtds/partwise.dtd">
<score-partwise version="3.0">
 <work>
  <work-title>The Londonderry</work-title>
 </work>
 <identification>
  <encoding>
   <encoding-date>2015-06-03</encoding-date>
   <encoder>ITMA user</encoder>
   <software>Sibelius 7.1.3</software>
   <software>Direct export, not from Dolet</software>
   <encoding-description>Sibelius / MusicXML 3.0</encoding-description>
   <supports element="print" type="yes" value="yes" attribute="new-system" />
   <supports element="print" type="yes" value="yes" attribute="new-page" />
   <supports element="accidental" type="yes" />
   <supports element="beam" type="yes" />
   <supports element="stem" type="yes" />
  </encoding>
 </identification>
 <defaults>
  <scaling>
   <millimeters>210</millimeters>
   <tenths>1272</tenths>
  </scaling>
  <page-layout>
   <page-height>1030</page-height>
   <page-width>1272</page-width>
   <page-margins type="both">
    <left-margin>90</left-margin>
    <right-margin>90</right-margin>
    <top-margin>90</top-margin>
    <bottom-margin>90</bottom-margin>
   </page-margins>
  </page-layout>
  <system-layout>
   <system-distance>75</system-distance>
  </system-layout>
  <appearance>
   <line-width type="stem">0.9375</line-width>
   <line-width type="beam">5</line-width>
   <line-width type="staff">0.9375</line-width>
   <line-width type="light barline">1.5625</line-width>
   <line-width type="heavy barline">5</line-width>
   <line-width type="leger">1.5625</line-width>
   <line-width type="ending">1.5625</line-width>
   <line-width type="wedge">1.25</line-width>
   <line-width type="enclosure">0.9375</line-width>
   <line-width type="tuplet bracket">1.25</line-width>
   <line-width type="bracket">5</line-width>
   <line-width type="dashes">1.5625</line-width>
   <line-width type="extend">0.9375</line-width>
   <line-width type="octave shift">1.5625</line-width>
   <line-width type="pedal">1.5625</line-width>
   <line-width type="slur middle">1.5625</line-width>
   <line-width type="slur tip">0.625</line-width>
   <line-width type="tie middle">1.5625</line-width>
   <line-width type="tie tip">0.625</line-width>
   <note-size type="cue">75</note-size>
   <note-size type="grace">60</note-size>
  </appearance>
  <music-font font-family="Opus Std" font-size="18.7087" />
  <lyric-font font-family="Times New Roman" font-size="10.8159" />
  <lyric-language xml:lang="en" />
 </defaults>
 <credit page="1">
  <credit-words default-x="636" default-y="866" font-family="Times New Roman" font-style="normal" font-size="13.1545" font-weight="normal" justify="center" valign="middle"> </credit-words>
 </credit>
 <credit page="1">
  <credit-words default-x="112" default-y="103" font-family="Times New Roman" font-style="normal" font-size="10.9621" font-weight="normal" justify="left" valign="middle">Hugh McDermott, ed., Allan’s “Irish Fiddler”, Glasgow, n.d., p. 24</credit-words>
 </credit>
 <credit page="1">
  <credit-words default-x="636" default-y="939" font-family="Times New Roman" font-style="normal" font-size="20.7549" font-weight="normal" justify="center" valign="middle">The Londonderry</credit-words>
 </credit>
 <credit page="1">
  <credit-words default-x="636" default-y="939" font-family="Times New Roman" font-style="normal" font-size="20.7549" font-weight="normal" justify="center" valign="middle">96                                             </credit-words>
 </credit>
 <part-list>
  <score-part id="P1">
   <part-name> </part-name>
   <part-name-display>
    <display-text> </display-text>
   </part-name-display>
   <part-abbreviation> </part-abbreviation>
   <part-abbreviation-display>
    <display-text> </display-text>
   </part-abbreviation-display>
   <score-instrument id="P1-I1">
    <instrument-name> </instrument-name>
    <virtual-instrument>
     <virtual-library>General MIDI</virtual-library>
    </virtual-instrument>
   </score-instrument>
  </score-part>
 </part-list>
 <part id="P1">
  <!--============== Part: P1, Measure: 1 ==============-->
  <measure number="1" width="162">
   <print new-page="yes">
    <system-layout>
     <system-margins>
      <left-margin>0</left-margin>
      <right-margin>0</right-margin>
     </system-margins>
     <top-system-distance>126</top-system-distance>
    </system-layout>
   </print>
   <attributes>
    <divisions>256</divisions>
    <key color="#000000">
     <fifths>2</fifths>
     <mode>major</mode>
    </key>
    <time symbol="common" color="#000000">
     <beats>4</beats>
     <beat-type>4</beat-type>
    </time>
    <staves>1</staves>
    <clef number="1" color="#000000">
     <sign>G</sign>
     <line>2</line>
    </clef>
    <staff-details number="1" print-object="yes" />
   </attributes>
   <note color="#000000" default-x="105" default-y="4">
    <pitch>
     <step>A</step>
     <octave>4</octave>
    </pitch>
    <duration>192</duration>
    <instrument id="P1-I1" />
    <voice>1</voice>
    <type>eighth</type>
    <dot />
    <stem>up</stem>
    <staff>1</staff>
    <beam number="1">begin</beam>
    <notations>
     <slur color="#000000" type="start" orientation="under" />
    </notations>
   </note>
   <note color="#000000" default-x="140" default-y="4">
    <pitch>
     <step>G</step>
     <octave>4</octave>
    </pitch>
    <duration>64</duration>
    <instrument id="P1-I1" />
    <voice>1</voice>
    <type>16th</type>
    <stem>up</stem>
    <staff>1</staff>
    <beam number="1">end</beam>
    <beam number="2">backward hook</beam>
    <notations>
     <slur color="#000000" type="stop" orientation="under" />
    </notations>
   </note>
  </measure>
  <!--============== Part: P1, Measure: 2 ==============-->
  <measure number="2" width="232">
   <direction>
    <direction-type>
     <other-direction default-y="-56" print-object="no">Accent above</other-direction>
    </direction-type>
    <voice>1</voice>
    <staff>1</staff>
   </direction>
   <note color="#000000" default-x="20">
    <pitch>
     <step>F</step>
     <alter>1</alter>
     <octave>4</octave>
    </pitch>
    <duration>256</duration>
    <instrument id="P1-I1" />
    <voice>1</voice>
    <type>quarter</type>
    <stem>up</stem>
    <staff>1</staff>
   </note>
   <note color="#000000" default-x="60" default-y="-52">
    <pitch>
     <step>A</step>
     <octave>4</octave>
    </pitch>
    <duration>192</duration>
    <instrument id="P1-I1" />
    <voice>1</voice>
    <type>eighth</type>
    <dot />
    <stem>down</stem>
    <staff>1</staff>
    <beam number="1">begin</beam>
   </note>
   <note color="#000000" default-x="95" default-y="-52">
    <pitch>
     <step>D</step>
     <octave>5</octave>
    </pitch>
    <duration>64</duration>
    <instrument id="P1-I1" />
    <voice>1</voice>
    <type>16th</type>
    <stem>down</stem>
    <staff>1</staff>
    <beam number="1">end</beam>
    <beam number="2">backward hook</beam>
   </note>
   <note color="#000000" default-x="117" default-y="-62">
    <pitch>
     <step>F</step>
     <alter>1</alter>
     <octave>5</octave>
    </pitch>
    <duration>192</duration>
    <instrument id="P1-I1" />
    <voice>1</voice>
    <type>eighth</type>
    <dot />
    <stem>down</stem>
    <staff>1</staff>
    <beam number="1">begin</beam>
   </note>
   <note color="#000000" default-x="152" default-y="-62">
    <pitch>
     <step>D</step>
     <octave>5</octave>
    </pitch>
    <duration>64</duration>
    <instrument id="P1-I1" />
    <voice>1</voice>
    <type>16th</type>
    <stem>down</stem>
    <staff>1</staff>
    <beam number="1">continue</beam>
    <beam number="2">backward hook</beam>
   </note>
   <note color="#000000" default-x="174" default-y="-62">
    <pitch>
     <step>A</step>
     <octave>4</octave>
    </pitch>
    <duration>192</duration>
    <instrument id="P1-I1" />
    <voice>1</voice>
    <type>eighth</type>
    <dot />
    <stem>down</stem>
    <staff>1</staff>
    <beam number="1">continue</beam>
   </note>
   <note color="#000000" default-x="209" default-y="-62">
    <pitch>
     <step>F</step>
     <alter>1</alter>
     <octave>4</octave>
    </pitch>
    <duration>64</duration>
    <instrument id="P1-I1" />
    <voice>1</voice>
    <type>16th</type>
    <stem>down</stem>
    <staff>1</staff>
    <beam number="1">end</beam>
    <beam number="2">backward hook</beam>
   </note>
  </measure>
  <!--============== Part: P1, Measure: 3 ==============-->
  <measure number="3" width="232">
   <direction>
    <direction-type>
     <other-direction default-y="-54" print-object="no">Accent above</other-direction>
    </direction-type>
    <voice>1</voice>
    <staff>1</staff>
   </direction>
   <note color="#000000" default-x="20" default-y="5">
    <pitch>
     <step>G</step>
     <octave>4</octave>
    </pitch>
    <duration>256</duration>
    <instrument id="P1-I1" />
    <voice>1</voice>
    <type>quarter</type>
    <stem>up</stem>
    <staff>1</staff>
   </note>
   <note color="#000000" default-x="60" default-y="-52">
    <pitch>
     <step>B</step>
     <octave>4</octave>
    </pitch>
    <duration>192</duration>
    <instrument id="P1-I1" />
    <voice>1</voice>
    <type>eighth</type>
    <dot />
    <stem>down</stem>
    <staff>1</staff>
    <beam number="1">begin</beam>
   </note>
   <note color="#000000" default-x="95" default-y="-52">
    <pitch>
     <step>D</step>
     <octave>5</octave>
    </pitch>
    <duration>64</duration>
    <instrument id="P1-I1" />
    <voice>1</voice>
    <type>16th</type>
    <stem>down</stem>
    <staff>1</staff>
    <beam number="1">end</beam>
    <beam number="2">backward hook</beam>
   </note>
   <note color="#000000" default-x="117" default-y="-57">
    <pitch>
     <step>G</step>
     <octave>5</octave>
    </pitch>
    <duration>192</duration>
    <instrument id="P1-I1" />
    <voice>1</voice>
    <type>eighth</type>
    <dot />
    <stem>down</stem>
    <staff>1</staff>
    <beam number="1">begin</beam>
   </note>
   <note color="#000000" default-x="152" default-y="-57">
    <pitch>
     <step>D</step>
     <octave>5</octave>
    </pitch>
    <duration>64</duration>
    <instrument id="P1-I1" />
    <voice>1</voice>
    <type>16th</type>
    <stem>down</stem>
    <staff>1</staff>
    <beam number="1">continue</beam>
    <beam number="2">backward hook</beam>
   </note>
   <note color="#000000" default-x="174" default-y="-57">
    <pitch>
     <step>B</step>
     <octave>4</octave>
    </pitch>
    <duration>192</duration>
    <instrument id="P1-I1" />
    <voice>1</voice>
    <type>eighth</type>
    <dot />
    <stem>down</stem>
    <staff>1</staff>
    <beam number="1">continue</beam>
   </note>
   <note color="#000000" default-x="209" default-y="-57">
    <pitch>
     <step>G</step>
     <octave>4</octave>
    </pitch>
    <duration>64</duration>
    <instrument id="P1-I1" />
    <voice>1</voice>
    <type>16th</type>
    <stem>down</stem>
    <staff>1</staff>
    <beam number="1">end</beam>
    <beam number="2">backward hook</beam>
   </note>
  </measure>
  <!--============== Part: P1, Measure: 4 ==============-->
  <measure number="4" width="231">
   <direction>
    <direction-type>
     <other-direction default-y="-57" print-object="no">Accent above</other-direction>
    </direction-type>
    <voice>1</voice>
    <staff>1</staff>
   </direction>
   <note color="#000000" default-x="20">
    <pitch>
     <step>F</step>
     <alter>1</alter>
     <octave>4</octave>
    </pitch>
    <duration>256</duration>
    <instrument id="P1-I1" />
    <voice>1</voice>
    <type>quarter</type>
    <stem>up</stem>
    <staff>1</staff>
   </note>
   <note color="#000000" default-x="60" default-y="-52">
    <pitch>
     <step>A</step>
     <octave>4</octave>
    </pitch>
    <duration>192</duration>
    <instrument id="P1-I1" />
    <voice>1</voice>
    <type>eighth</type>
    <dot />
    <stem>down</stem>
    <staff>1</staff>
    <beam number="1">begin</beam>
   </note>
   <note color="#000000" default-x="95" default-y="-52">
    <pitch>
     <step>D</step>
     <octave>5</octave>
    </pitch>
    <duration>64</duration>
    <instrument id="P1-I1" />
    <voice>1</voice>
    <type>16th</type>
    <stem>down</stem>
    <staff>1</staff>
    <beam number="1">end</beam>
    <beam number="2">backward hook</beam>
   </note>
   <note color="#000000" default-x="117" default-y="-62">
    <pitch>
     <step>F</step>
     <alter>1</alter>
     <octave>5</octave>
    </pitch>
    <duration>192</duration>
    <instrument id="P1-I1" />
    <voice>1</voice>
    <type>eighth</type>
    <dot />
    <stem>down</stem>
    <staff>1</staff>
    <beam number="1">begin</beam>
   </note>
   <note color="#000000" default-x="152" default-y="-62">
    <pitch>
     <step>D</step>
     <octave>5</octave>
    </pitch>
    <duration>64</duration>
    <instrument id="P1-I1" />
    <voice>1</voice>
    <type>16th</type>
    <stem>down</stem>
    <staff>1</staff>
    <beam number="1">continue</beam>
    <beam number="2">backward hook</beam>
   </note>
   <note color="#000000" default-x="174" default-y="-62">
    <pitch>
     <step>A</step>
     <octave>4</octave>
    </pitch>
    <duration>192</duration>
    <instrument id="P1-I1" />
    <voice>1</voice>
    <type>eighth</type>
    <dot />
    <stem>down</stem>
    <staff>1</staff>
    <beam number="1">continue</beam>
   </note>
   <note color="#000000" default-x="209" default-y="-62">
    <pitch>
     <step>F</step>
     <alter>1</alter>
     <octave>4</octave>
    </pitch>
    <duration>64</duration>
    <instrument id="P1-I1" />
    <voice>1</voice>
    <type>16th</type>
    <stem>down</stem>
    <staff>1</staff>
    <beam number="1">end</beam>
    <beam number="2">backward hook</beam>
   </note>
  </measure>
  <!--============== Part: P1, Measure: 5 ==============-->
  <measure number="5" width="232">
   <direction>
    <direction-type>
     <other-direction default-y="-58" print-object="no">Accent above</other-direction>
    </direction-type>
    <voice>1</voice>
    <staff>1</staff>
   </direction>
   <note color="#000000" default-x="20" default-y="-5">
    <pitch>
     <step>E</step>
     <octave>4</octave>
    </pitch>
    <duration>256</duration>
    <instrument id="P1-I1" />
    <voice>1</voice>
    <type>quarter</type>
    <stem>up</stem>
    <staff>1</staff>
   </note>
   <note color="#000000" default-x="60" default-y="-52">
    <pitch>
     <step>A</step>
     <octave>4</octave>
    </pitch>
    <duration>192</duration>
    <instrument id="P1-I1" />
    <voice>1</voice>
    <type>eighth</type>
    <dot />
    <stem>down</stem>
    <staff>1</staff>
    <beam number="1">begin</beam>
   </note>
   <note color="#000000" default-x="95" default-y="-52">
    <pitch>
     <step>C</step>
     <alter>1</alter>
     <octave>5</octave>
    </pitch>
    <duration>64</duration>
    <instrument id="P1-I1" />
    <voice>1</voice>
    <type>16th</type>
    <stem>down</stem>
    <staff>1</staff>
    <beam number="1">end</beam>
    <beam number="2">backward hook</beam>
   </note>
   <note color="#000000" default-x="117" default-y="-57">
    <pitch>
     <step>E</step>
     <octave>5</octave>
    </pitch>
    <duration>192</duration>
    <instrument id="P1-I1" />
    <voice>1</voice>
    <type>eighth</type>
    <dot />
    <stem>down</stem>
    <staff>1</staff>
    <beam number="1">begin</beam>
   </note>
   <note color="#000000" default-x="152" default-y="-57">
    <pitch>
     <step>C</step>
     <alter>1</alter>
     <octave>5</octave>
    </pitch>
    <duration>64</duration>
    <instrument id="P1-I1" />
    <voice>1</voice>
    <type>16th</type>
    <stem>down</stem>
    <staff>1</staff>
    <beam number="1">continue</beam>
    <beam number="2">backward hook</beam>
   </note>
   <note color="#000000" default-x="174" default-y="-57">
    <pitch>
     <step>A</step>
     <octave>4</octave>
    </pitch>
    <duration>192</duration>
    <instrument id="P1-I1" />
    <voice>1</voice>
    <type>eighth</type>
    <dot />
    <stem>down</stem>
    <staff>1</staff>
    <beam number="1">continue</beam>
   </note>
   <note color="#000000" default-x="209" default-y="-57">
    <pitch>
     <step>G</step>
     <octave>4</octave>
    </pitch>
    <duration>64</duration>
    <instrument id="P1-I1" />
    <voice>1</voice>
    <type>16th</type>
    <stem>down</stem>
    <staff>1</staff>
    <beam number="1">end</beam>
    <beam number="2">backward hook</beam>
   </note>
  </measure>
  <!--============== Part: P1, Measure: 6 ==============-->
  <measure number="6" width="339">
   <print new-system="yes">
    <system-layout>
     <system-margins>
      <left-margin>0</left-margin>
      <right-margin>0</right-margin>
     </system-margins>
     <system-distance>75</system-distance>
    </system-layout>
   </print>
   <attributes>
    <staff-details number="1" print-object="yes" />
   </attributes>
   <direction>
    <direction-type>
     <other-direction default-y="-55" print-object="no">Accent above</other-direction>
    </direction-type>
    <voice>1</voice>
    <staff>1</staff>
   </direction>
   <note color="#000000" default-x="87">
    <pitch>
     <step>F</step>
     <alter>1</alter>
     <octave>4</octave>
    </pitch>
    <duration>256</duration>
    <instrument id="P1-I1" />
    <voice>1</voice>
    <type>quarter</type>
    <stem>up</stem>
    <staff>1</staff>
   </note>
   <note color="#000000" default-x="135" default-y="-52">
    <pitch>
     <step>A</step>
     <octave>4</octave>
    </pitch>
    <duration>192</duration>
    <instrument id="P1-I1" />
    <voice>1</voice>
    <type>eighth</type>
    <dot />
    <stem>down</stem>
    <staff>1</staff>
    <beam number="1">begin</beam>
   </note>
   <note color="#000000" default-x="176" default-y="-52">
    <pitch>
     <step>D</step>
     <octave>5</octave>
    </pitch>
    <duration>64</duration>
    <instrument id="P1-I1" />
    <voice>1</voice>
    <type>16th</type>
    <stem>down</stem>
    <staff>1</staff>
    <beam number="1">end</beam>
    <beam number="2">backward hook</beam>
   </note>
   <note color="#000000" default-x="203" default-y="-62">
    <pitch>
     <step>F</step>
     <alter>1</alter>
     <octave>5</octave>
    </pitch>
    <duration>192</duration>
    <instrument id="P1-I1" />
    <voice>1</voice>
    <type>eighth</type>
    <dot />
    <stem>down</stem>
    <staff>1</staff>
    <beam number="1">begin</beam>
   </note>
   <note color="#000000" default-x="245" default-y="-62">
    <pitch>
     <step>D</step>
     <octave>5</octave>
    </pitch>
    <duration>64</duration>
    <instrument id="P1-I1" />
    <voice>1</voice>
    <type>16th</type>
    <stem>down</stem>
    <staff>1</staff>
    <beam number="1">continue</beam>
    <beam number="2">backward hook</beam>
   </note>
   <note color="#000000" default-x="271" default-y="-62">
    <pitch>
     <step>A</step>
     <octave>4</octave>
    </pitch>
    <duration>192</duration>
    <instrument id="P1-I1" />
    <voice>1</voice>
    <type>eighth</type>
    <dot />
    <stem>down</stem>
    <staff>1</staff>
    <beam number="1">continue</beam>
   </note>
   <note color="#000000" default-x="312" default-y="-62">
    <pitch>
     <step>F</step>
     <alter>1</alter>
     <octave>4</octave>
    </pitch>
    <duration>64</duration>
    <instrument id="P1-I1" />
    <voice>1</voice>
    <type>16th</type>
    <stem>down</stem>
    <staff>1</staff>
    <beam number="1">end</beam>
    <beam number="2">backward hook</beam>
   </note>
  </measure>
  <!--============== Part: P1, Measure: 7 ==============-->
  <measure number="7" width="272">
   <direction>
    <direction-type>
     <other-direction default-y="-53" print-object="no">Accent above</other-direction>
    </direction-type>
    <voice>1</voice>
    <staff>1</staff>
   </direction>
   <note color="#000000" default-x="20" default-y="5">
    <pitch>
     <step>G</step>
     <octave>4</octave>
    </pitch>
    <duration>256</duration>
    <instrument id="P1-I1" />
    <voice>1</voice>
    <type>quarter</type>
    <stem>up</stem>
    <staff>1</staff>
   </note>
   <note color="#000000" default-x="68" default-y="-52">
    <pitch>
     <step>B</step>
     <octave>4</octave>
    </pitch>
    <duration>192</duration>
    <instrument id="P1-I1" />
    <voice>1</voice>
    <type>eighth</type>
    <dot />
    <stem>down</stem>
    <staff>1</staff>
    <beam number="1">begin</beam>
   </note>
   <note color="#000000" default-x="109" default-y="-52">
    <pitch>
     <step>D</step>
     <octave>5</octave>
    </pitch>
    <duration>64</duration>
    <instrument id="P1-I1" />
    <voice>1</voice>
    <type>16th</type>
    <stem>down</stem>
    <staff>1</staff>
    <beam number="1">end</beam>
    <beam number="2">backward hook</beam>
   </note>
   <note color="#000000" default-x="136" default-y="-29">
    <pitch>
     <step>G</step>
     <octave>5</octave>
    </pitch>
    <duration>192</duration>
    <instrument id="P1-I1" />
    <voice>1</voice>
    <type>eighth</type>
    <dot />
    <stem>down</stem>
    <staff>1</staff>
    <beam number="1">begin</beam>
   </note>
   <note color="#000000" default-x="177" default-y="-29">
    <pitch>
     <step>B</step>
     <octave>5</octave>
    </pitch>
    <duration>64</duration>
    <instrument id="P1-I1" />
    <voice>1</voice>
    <type>16th</type>
    <stem>down</stem>
    <staff>1</staff>
    <beam number="1">continue</beam>
    <beam number="2">backward hook</beam>
   </note>
   <note color="#000000" default-x="204" default-y="-29">
    <pitch>
     <step>A</step>
     <octave>5</octave>
    </pitch>
    <duration>192</duration>
    <instrument id="P1-I1" />
    <voice>1</voice>
    <type>eighth</type>
    <dot />
    <stem>down</stem>
    <staff>1</staff>
    <beam number="1">continue</beam>
   </note>
   <note color="#000000" default-x="245" default-y="-29">
    <pitch>
     <step>G</step>
     <octave>5</octave>
    </pitch>
    <duration>64</duration>
    <instrument id="P1-I1" />
    <voice>1</voice>
    <type>16th</type>
    <stem>down</stem>
    <staff>1</staff>
    <beam number="1">end</beam>
    <beam number="2">backward hook</beam>
   </note>
  </measure>
  <!--============== Part: P1, Measure: 8 ==============-->
  <measure number="8" width="291">
   <note color="#000000" default-x="20" default-y="-39">
    <pitch>
     <step>F</step>
     <alter>1</alter>
     <octave>5</octave>
    </pitch>
    <duration>192</duration>
    <instrument id="P1-I1" />
    <voice>1</voice>
    <type>eighth</type>
    <dot />
    <stem>down</stem>
    <staff>1</staff>
    <beam number="1">begin</beam>
   </note>
   <note color="#000000" default-x="61" default-y="-39">
    <pitch>
     <step>A</step>
     <octave>5</octave>
    </pitch>
    <duration>64</duration>
    <instrument id="P1-I1" />
    <voice>1</voice>
    <type>16th</type>
    <stem>down</stem>
    <staff>1</staff>
    <beam number="1">continue</beam>
    <beam number="2">backward hook</beam>
   </note>
   <note color="#000000" default-x="87" default-y="-39">
    <pitch>
     <step>F</step>
     <alter>1</alter>
     <octave>5</octave>
    </pitch>
    <duration>192</duration>
    <instrument id="P1-I1" />
    <voice>1</voice>
    <type>eighth</type>
    <dot />
    <stem>down</stem>
    <staff>1</staff>
    <beam number="1">continue</beam>
   </note>
   <note color="#000000" default-x="129" default-y="-39">
    <pitch>
     <step>D</step>
     <octave>5</octave>
    </pitch>
    <duration>64</duration>
    <instrument id="P1-I1" />
    <voice>1</voice>
    <type>16th</type>
    <stem>down</stem>
    <staff>1</staff>
    <beam number="1">end</beam>
    <beam number="2">backward hook</beam>
   </note>
   <note color="#000000" default-x="155" default-y="-52">
    <pitch>
     <step>B</step>
     <octave>4</octave>
    </pitch>
    <duration>192</duration>
    <instrument id="P1-I1" />
    <voice>1</voice>
    <type>eighth</type>
    <dot />
    <stem>down</stem>
    <staff>1</staff>
    <beam number="1">begin</beam>
   </note>
   <note color="#000000" default-x="197" default-y="-52">
    <pitch>
     <step>G</step>
     <octave>5</octave>
    </pitch>
    <duration>64</duration>
    <instrument id="P1-I1" />
    <voice>1</voice>
    <type>16th</type>
    <stem>down</stem>
    <staff>1</staff>
    <beam number="1">continue</beam>
    <beam number="2">backward hook</beam>
   </note>
   <note color="#000000" default-x="223" default-y="-52">
    <pitch>
     <step>E</step>
     <octave>5</octave>
    </pitch>
    <duration>192</duration>
    <instrument id="P1-I1" />
    <voice>1</voice>
    <type>eighth</type>
    <dot />
    <stem>down</stem>
    <staff>1</staff>
    <beam number="1">continue</beam>
   </note>
   <note color="#000000" default-x="265" default-y="-52">
    <pitch>
     <step>C</step>
     <alter>1</alter>
     <octave>5</octave>
    </pitch>
    <duration>64</duration>
    <instrument id="P1-I1" />
    <voice>1</voice>
    <type>16th</type>
    <stem>down</stem>
    <staff>1</staff>
    <beam number="1">end</beam>
    <beam number="2">backward hook</beam>
   </note>
  </measure>
  <!--============== Part: P1, Measure: 9 ==============-->
  <measure number="9" width="187">
   <direction>
    <direction-type>
     <other-direction default-y="5" print-object="no">Accent above</other-direction>
    </direction-type>
    <voice>1</voice>
    <staff>1</staff>
   </direction>
   <note color="#000000" default-x="20" default-y="-45">
    <pitch>
     <step>D</step>
     <octave>5</octave>
    </pitch>
    <duration>256</duration>
    <instrument id="P1-I1" />
    <voice>1</voice>
    <type>quarter</type>
    <stem>down</stem>
    <staff>1</staff>
   </note>
   <direction>
    <direction-type>
     <other-direction default-y="12" print-object="no">Accent above</other-direction>
    </direction-type>
    <voice>1</voice>
    <staff>1</staff>
   </direction>
   <note color="#000000" default-x="68" default-y="-35">
    <pitch>
     <step>F</step>
     <alter>1</alter>
     <octave>5</octave>
    </pitch>
    <duration>256</duration>
    <instrument id="P1-I1" />
    <voice>1</voice>
    <type>quarter</type>
    <stem>down</stem>
    <staff>1</staff>
   </note>
   <direction>
    <direction-type>
     <other-direction default-y="5" print-object="no">Accent above</other-direction>
    </direction-type>
    <voice>1</voice>
    <staff>1</staff>
   </direction>
   <note color="#000000" default-x="116" default-y="-45">
    <pitch>
     <step>D</step>
     <octave>5</octave>
    </pitch>
    <duration>256</duration>
    <instrument id="P1-I1" />
    <voice>1</voice>
    <type>quarter</type>
    <stem>down</stem>
    <staff>1</staff>
   </note>
   <barline location="right">
    <bar-style>light-heavy</bar-style>
    <repeat direction="backward" />
   </barline>
  </measure>
  <!--============== Part: P1, Measure: 10 ==============-->
  <measure number="10" width="166">
   <print new-system="yes">
    <system-layout>
     <system-margins>
      <left-margin>0</left-margin>
      <right-margin>0</right-margin>
     </system-margins>
     <system-distance>75</system-distance>
    </system-layout>
   </print>
   <attributes>
    <staff-details number="1" print-object="yes" />
   </attributes>
   <barline location="left">
    <bar-style>heavy-light</bar-style>
    <repeat direction="forward" />
   </barline>
   <note color="#000000" default-x="110" default-y="-32">
    <pitch>
     <step>F</step>
     <alter>1</alter>
     <octave>5</octave>
    </pitch>
    <duration>192</duration>
    <instrument id="P1-I1" />
    <voice>1</voice>
    <type>eighth</type>
    <dot />
    <stem>down</stem>
    <staff>1</staff>
    <beam number="1">begin</beam>
   </note>
   <note color="#000000" default-x="145" default-y="-32">
    <pitch>
     <step>G</step>
     <octave>5</octave>
    </pitch>
    <duration>64</duration>
    <instrument id="P1-I1" />
    <voice>1</voice>
    <type>16th</type>
    <stem>down</stem>
    <staff>1</staff>
    <beam number="1">end</beam>
    <beam number="2">backward hook</beam>
   </note>
  </measure>
  <!--============== Part: P1, Measure: 11 ==============-->
  <measure number="11" width="226">
   <direction>
    <direction-type>
     <other-direction default-y="20" print-object="no">Accent above</other-direction>
    </direction-type>
    <voice>1</voice>
    <staff>1</staff>
   </direction>
   <note color="#000000" default-x="20" default-y="-25">
    <pitch>
     <step>A</step>
     <octave>5</octave>
    </pitch>
    <duration>256</duration>
    <instrument id="P1-I1" />
    <voice>1</voice>
    <type>quarter</type>
    <stem>down</stem>
    <staff>1</staff>
   </note>
   <note color="#000000" default-x="58" default-y="-39">
    <pitch>
     <step>F</step>
     <alter>1</alter>
     <octave>5</octave>
    </pitch>
    <duration>192</duration>
    <instrument id="P1-I1" />
    <voice>1</voice>
    <type>eighth</type>
    <dot />
    <stem>down</stem>
    <staff>1</staff>
    <beam number="1">begin</beam>
   </note>
   <note color="#000000" default-x="93" default-y="-39">
    <pitch>
     <step>D</step>
     <octave>5</octave>
    </pitch>
    <duration>64</duration>
    <instrument id="P1-I1" />
    <voice>1</voice>
    <type>16th</type>
    <stem>down</stem>
    <staff>1</staff>
    <beam number="1">end</beam>
    <beam number="2">backward hook</beam>
   </note>
   <note color="#000000" default-x="114" default-y="-52">
    <pitch>
     <step>A</step>
     <octave>4</octave>
    </pitch>
    <duration>192</duration>
    <instrument id="P1-I1" />
    <voice>1</voice>
    <type>eighth</type>
    <dot />
    <stem>down</stem>
    <staff>1</staff>
    <beam number="1">begin</beam>
   </note>
   <note color="#000000" default-x="146" default-y="-52">
    <pitch>
     <step>D</step>
     <octave>5</octave>
    </pitch>
    <duration>64</duration>
    <instrument id="P1-I1" />
    <voice>1</voice>
    <type>16th</type>
    <stem>down</stem>
    <staff>1</staff>
    <beam number="1">continue</beam>
    <beam number="2">backward hook</beam>
   </note>
   <note color="#000000" default-x="167" default-y="-52">
    <pitch>
     <step>F</step>
     <alter>1</alter>
     <octave>5</octave>
    </pitch>
    <duration>192</duration>
    <instrument id="P1-I1" />
    <voice>1</voice>
    <type>eighth</type>
    <dot />
    <stem>down</stem>
    <staff>1</staff>
    <beam number="1">continue</beam>
   </note>
   <note color="#000000" default-x="202" default-y="-52">
    <pitch>
     <step>A</step>
     <octave>5</octave>
    </pitch>
    <duration>64</duration>
    <instrument id="P1-I1" />
    <voice>1</voice>
    <type>16th</type>
    <stem>down</stem>
    <staff>1</staff>
    <beam number="1">end</beam>
    <beam number="2">backward hook</beam>
   </note>
  </measure>
  <!--============== Part: P1, Measure: 12 ==============-->
  <measure number="12" width="224">
   <direction>
    <direction-type>
     <other-direction default-y="15" print-object="no">Accent above</other-direction>
    </direction-type>
    <voice>1</voice>
    <staff>1</staff>
   </direction>
   <note color="#000000" default-x="20" default-y="-30">
    <pitch>
     <step>G</step>
     <octave>5</octave>
    </pitch>
    <duration>256</duration>
    <instrument id="P1-I1" />
    <voice>1</voice>
    <type>quarter</type>
    <stem>down</stem>
    <staff>1</staff>
   </note>
   <note color="#000000" default-x="58" default-y="-47">
    <pitch>
     <step>E</step>
     <octave>5</octave>
    </pitch>
    <duration>192</duration>
    <instrument id="P1-I1" />
    <voice>1</voice>
    <type>eighth</type>
    <dot />
    <stem>down</stem>
    <staff>1</staff>
    <beam number="1">begin</beam>
   </note>
   <note color="#000000" default-x="93" default-y="-47">
    <pitch>
     <step>C</step>
     <alter>1</alter>
     <octave>5</octave>
    </pitch>
    <duration>64</duration>
    <instrument id="P1-I1" />
    <voice>1</voice>
    <type>16th</type>
    <stem>down</stem>
    <staff>1</staff>
    <beam number="1">end</beam>
    <beam number="2">backward hook</beam>
   </note>
   <note color="#000000" default-x="114" default-y="-52">
    <pitch>
     <step>A</step>
     <octave>4</octave>
    </pitch>
    <duration>192</duration>
    <instrument id="P1-I1" />
    <voice>1</voice>
    <type>eighth</type>
    <dot />
    <stem>down</stem>
    <staff>1</staff>
    <beam number="1">begin</beam>
   </note>
   <note color="#000000" default-x="147" default-y="-52">
    <pitch>
     <step>D</step>
     <octave>5</octave>
    </pitch>
    <duration>64</duration>
    <instrument id="P1-I1" />
    <voice>1</voice>
    <type>16th</type>
    <stem>down</stem>
    <staff>1</staff>
    <beam number="1">continue</beam>
    <beam number="2">backward hook</beam>
   </note>
   <note color="#000000" default-x="168" default-y="-52">
    <pitch>
     <step>F</step>
     <alter>1</alter>
     <octave>5</octave>
    </pitch>
    <duration>192</duration>
    <instrument id="P1-I1" />
    <voice>1</voice>
    <type>eighth</type>
    <dot />
    <stem>down</stem>
    <staff>1</staff>
    <beam number="1">continue</beam>
   </note>
   <note color="#000000" default-x="203" default-y="-52">
    <pitch>
     <step>G</step>
     <octave>5</octave>
    </pitch>
    <duration>64</duration>
    <instrument id="P1-I1" />
    <voice>1</voice>
    <type>16th</type>
    <stem>down</stem>
    <staff>1</staff>
    <beam number="1">end</beam>
    <beam number="2">backward hook</beam>
   </note>
  </measure>
  <!--============== Part: P1, Measure: 13 ==============-->
  <measure number="13" width="224">
   <direction>
    <direction-type>
     <other-direction default-y="20" print-object="no">Accent above</other-direction>
    </direction-type>
    <voice>1</voice>
    <staff>1</staff>
   </direction>
   <note color="#000000" default-x="20" default-y="-25">
    <pitch>
     <step>A</step>
     <octave>5</octave>
    </pitch>
    <duration>256</duration>
    <instrument id="P1-I1" />
    <voice>1</voice>
    <type>quarter</type>
    <stem>down</stem>
    <staff>1</staff>
   </note>
   <note color="#000000" default-x="58" default-y="-39">
    <pitch>
     <step>F</step>
     <alter>1</alter>
     <octave>5</octave>
    </pitch>
    <duration>192</duration>
    <instrument id="P1-I1" />
    <voice>1</voice>
    <type>eighth</type>
    <dot />
    <stem>down</stem>
    <staff>1</staff>
    <beam number="1">begin</beam>
   </note>
   <note color="#000000" default-x="93" default-y="-39">
    <pitch>
     <step>D</step>
     <octave>5</octave>
    </pitch>
    <duration>64</duration>
    <instrument id="P1-I1" />
    <voice>1</voice>
    <type>16th</type>
    <stem>down</stem>
    <staff>1</staff>
    <beam number="1">end</beam>
    <beam number="2">backward hook</beam>
   </note>
   <note color="#000000" default-x="114" default-y="-52">
    <pitch>
     <step>A</step>
     <octave>4</octave>
    </pitch>
    <duration>192</duration>
    <instrument id="P1-I1" />
    <voice>1</voice>
    <type>eighth</type>
    <dot />
    <stem>down</stem>
    <staff>1</staff>
    <beam number="1">begin</beam>
   </note>
   <note color="#000000" default-x="146" default-y="-52">
    <pitch>
     <step>D</step>
     <octave>5</octave>
    </pitch>
    <duration>64</duration>
    <instrument id="P1-I1" />
    <voice>1</voice>
    <type>16th</type>
    <stem>down</stem>
    <staff>1</staff>
    <beam number="1">continue</beam>
    <beam number="2">backward hook</beam>
   </note>
   <note color="#000000" default-x="167" default-y="-52">
    <pitch>
     <step>G</step>
     <octave>5</octave>
    </pitch>
    <duration>192</duration>
    <instrument id="P1-I1" />
    <voice>1</voice>
    <type>eighth</type>
    <dot />
    <stem>down</stem>
    <staff>1</staff>
    <beam number="1">continue</beam>
   </note>
   <note color="#000000" default-x="202" default-y="-52">
    <pitch>
     <step>F</step>
     <alter>1</alter>
     <octave>5</octave>
    </pitch>
    <duration>64</duration>
    <instrument id="P1-I1" />
    <voice>1</voice>
    <type>16th</type>
    <stem>down</stem>
    <staff>1</staff>
    <beam number="1">end</beam>
    <beam number="2">backward hook</beam>
   </note>
  </measure>
  <!--============== Part: P1, Measure: 14 ==============-->
  <measure number="14" width="249">
   <note color="#000000" default-x="20" default-y="-39">
    <pitch>
     <step>E</step>
     <octave>5</octave>
    </pitch>
    <duration>85</duration>
    <instrument id="P1-I1" />
    <voice>1</voice>
    <type>eighth</type>
    <time-modification>
     <actual-notes>3</actual-notes>
     <normal-notes>2</normal-notes>
     <normal-type>eighth</normal-type>
    </time-modification>
    <stem>down</stem>
    <staff>1</staff>
    <beam number="1">begin</beam>
    <notations>
     <tuplet type="start" bracket="no" number="1" default-y="-20" placement="below" />
    </notations>
   </note>
   <note color="#000000" default-x="42" default-y="-39">
    <pitch>
     <step>F</step>
     <alter>1</alter>
     <octave>5</octave>
    </pitch>
    <duration>85</duration>
    <instrument id="P1-I1" />
    <voice>1</voice>
    <type>eighth</type>
    <time-modification>
     <actual-notes>3</actual-notes>
     <normal-notes>2</normal-notes>
     <normal-type>eighth</normal-type>
    </time-modification>
    <stem>down</stem>
    <staff>1</staff>
    <beam number="1">continue</beam>
   </note>
   <note color="#000000" default-x="65" default-y="-39">
    <pitch>
     <step>E</step>
     <octave>5</octave>
    </pitch>
    <duration>86</duration>
    <instrument id="P1-I1" />
    <voice>1</voice>
    <type>eighth</type>
    <time-modification>
     <actual-notes>3</actual-notes>
     <normal-notes>2</normal-notes>
     <normal-type>eighth</normal-type>
    </time-modification>
    <stem>down</stem>
    <staff>1</staff>
    <beam number="1">end</beam>
    <notations>
     <tuplet type="stop" bracket="no" number="1" default-y="-20" placement="below" />
    </notations>
   </note>
   <note color="#000000" default-x="87" default-y="-49">
    <pitch>
     <step>D</step>
     <octave>5</octave>
    </pitch>
    <duration>85</duration>
    <instrument id="P1-I1" />
    <voice>1</voice>
    <type>eighth</type>
    <time-modification>
     <actual-notes>3</actual-notes>
     <normal-notes>2</normal-notes>
     <normal-type>eighth</normal-type>
    </time-modification>
    <stem>down</stem>
    <staff>1</staff>
    <beam number="1">begin</beam>
    <notations>
     <tuplet type="start" bracket="no" number="1" default-y="-20" placement="below" />
    </notations>
   </note>
   <note color="#000000" default-x="110" default-y="-49">
    <pitch>
     <step>C</step>
     <alter>1</alter>
     <octave>5</octave>
    </pitch>
    <duration>85</duration>
    <instrument id="P1-I1" />
    <voice>1</voice>
    <type>eighth</type>
    <time-modification>
     <actual-notes>3</actual-notes>
     <normal-notes>2</normal-notes>
     <normal-type>eighth</normal-type>
    </time-modification>
    <stem>down</stem>
    <staff>1</staff>
    <beam number="1">continue</beam>
   </note>
   <note color="#000000" default-x="132" default-y="-49">
    <pitch>
     <step>B</step>
     <octave>4</octave>
    </pitch>
    <duration>86</duration>
    <instrument id="P1-I1" />
    <voice>1</voice>
    <type>eighth</type>
    <time-modification>
     <actual-notes>3</actual-notes>
     <normal-notes>2</normal-notes>
     <normal-type>eighth</normal-type>
    </time-modification>
    <stem>down</stem>
    <staff>1</staff>
    <beam number="1">end</beam>
    <notations>
     <tuplet type="stop" bracket="no" number="1" default-y="-20" placement="below" />
    </notations>
   </note>
   <note color="#000000" default-x="154" default-y="10">
    <pitch>
     <step>A</step>
     <octave>4</octave>
    </pitch>
    <duration>256</duration>
    <instrument id="P1-I1" />
    <voice>1</voice>
    <type>quarter</type>
    <stem>up</stem>
    <staff>1</staff>
   </note>
   <note color="#000000" default-x="192" default-y="-32">
    <pitch>
     <step>F</step>
     <alter>1</alter>
     <octave>5</octave>
    </pitch>
    <duration>192</duration>
    <instrument id="P1-I1" />
    <voice>1</voice>
    <type>eighth</type>
    <dot />
    <stem>down</stem>
    <staff>1</staff>
    <beam number="1">begin</beam>
   </note>
   <note color="#000000" default-x="227" default-y="-32">
    <pitch>
     <step>G</step>
     <octave>5</octave>
    </pitch>
    <duration>64</duration>
    <instrument id="P1-I1" />
    <voice>1</voice>
    <type>16th</type>
    <stem>down</stem>
    <staff>1</staff>
    <beam number="1">end</beam>
    <beam number="2">backward hook</beam>
   </note>
  </measure>
  <!--============== Part: P1, Measure: 15 ==============-->
  <measure number="15" width="316">
   <print new-system="yes">
    <system-layout>
     <system-margins>
      <left-margin>0</left-margin>
      <right-margin>0</right-margin>
     </system-margins>
     <system-distance>75</system-distance>
    </system-layout>
   </print>
   <attributes>
    <staff-details number="1" print-object="yes" />
   </attributes>
   <direction>
    <direction-type>
     <other-direction default-y="20" print-object="no">Accent above</other-direction>
    </direction-type>
    <voice>1</voice>
    <staff>1</staff>
   </direction>
   <note color="#000000" default-x="87" default-y="-25">
    <pitch>
     <step>A</step>
     <octave>5</octave>
    </pitch>
    <duration>256</duration>
    <instrument id="P1-I1" />
    <voice>1</voice>
    <type>quarter</type>
    <stem>down</stem>
    <staff>1</staff>
   </note>
   <note color="#000000" default-x="131" default-y="-39">
    <pitch>
     <step>F</step>
     <alter>1</alter>
     <octave>5</octave>
    </pitch>
    <duration>192</duration>
    <instrument id="P1-I1" />
    <voice>1</voice>
    <type>eighth</type>
    <dot />
    <stem>down</stem>
    <staff>1</staff>
    <beam number="1">begin</beam>
   </note>
   <note color="#000000" default-x="168" default-y="-39">
    <pitch>
     <step>D</step>
     <octave>5</octave>
    </pitch>
    <duration>64</duration>
    <instrument id="P1-I1" />
    <voice>1</voice>
    <type>16th</type>
    <stem>down</stem>
    <staff>1</staff>
    <beam number="1">end</beam>
    <beam number="2">backward hook</beam>
   </note>
   <note color="#000000" default-x="192" default-y="-52">
    <pitch>
     <step>A</step>
     <octave>4</octave>
    </pitch>
    <duration>192</duration>
    <instrument id="P1-I1" />
    <voice>1</voice>
    <type>eighth</type>
    <dot />
    <stem>down</stem>
    <staff>1</staff>
    <beam number="1">begin</beam>
   </note>
   <note color="#000000" default-x="230" default-y="-52">
    <pitch>
     <step>D</step>
     <octave>5</octave>
    </pitch>
    <duration>64</duration>
    <instrument id="P1-I1" />
    <voice>1</voice>
    <type>16th</type>
    <stem>down</stem>
    <staff>1</staff>
    <beam number="1">continue</beam>
    <beam number="2">backward hook</beam>
   </note>
   <note color="#000000" default-x="254" default-y="-52">
    <pitch>
     <step>F</step>
     <alter>1</alter>
     <octave>5</octave>
    </pitch>
    <duration>192</duration>
    <instrument id="P1-I1" />
    <voice>1</voice>
    <type>eighth</type>
    <dot />
    <stem>down</stem>
    <staff>1</staff>
    <beam number="1">continue</beam>
   </note>
   <note color="#000000" default-x="291" default-y="-52">
    <pitch>
     <step>A</step>
     <octave>5</octave>
    </pitch>
    <duration>64</duration>
    <instrument id="P1-I1" />
    <voice>1</voice>
    <type>16th</type>
    <stem>down</stem>
    <staff>1</staff>
    <beam number="1">end</beam>
    <beam number="2">backward hook</beam>
   </note>
  </measure>
  <!--============== Part: P1, Measure: 16 ==============-->
  <measure number="16" width="266">
   <note color="#000000" default-x="20" default-y="-39">
    <pitch>
     <step>G</step>
     <octave>5</octave>
    </pitch>
    <duration>192</duration>
    <instrument id="P1-I1" />
    <voice>1</voice>
    <type>eighth</type>
    <dot />
    <stem>down</stem>
    <staff>1</staff>
    <beam number="1">begin</beam>
   </note>
   <note color="#000000" default-x="57" default-y="-39">
    <pitch>
     <step>F</step>
     <alter>1</alter>
     <octave>5</octave>
    </pitch>
    <duration>64</duration>
    <instrument id="P1-I1" />
    <voice>1</voice>
    <type>16th</type>
    <stem>down</stem>
    <staff>1</staff>
    <beam number="1">continue</beam>
    <beam number="2">backward hook</beam>
   </note>
   <note color="#000000" default-x="81" default-y="-39">
    <pitch>
     <step>E</step>
     <octave>5</octave>
    </pitch>
    <duration>192</duration>
    <instrument id="P1-I1" />
    <voice>1</voice>
    <type>eighth</type>
    <dot />
    <stem>down</stem>
    <staff>1</staff>
    <beam number="1">continue</beam>
   </note>
   <note color="#000000" default-x="119" default-y="-39">
    <pitch>
     <step>F</step>
     <alter>1</alter>
     <octave>5</octave>
    </pitch>
    <duration>64</duration>
    <instrument id="P1-I1" />
    <voice>1</voice>
    <type>16th</type>
    <stem>down</stem>
    <staff>1</staff>
    <beam number="1">end</beam>
    <beam number="2">backward hook</beam>
   </note>
   <note color="#000000" default-x="143" default-y="-29">
    <pitch>
     <step>G</step>
     <octave>5</octave>
    </pitch>
    <duration>192</duration>
    <instrument id="P1-I1" />
    <voice>1</voice>
    <type>eighth</type>
    <dot />
    <stem>down</stem>
    <staff>1</staff>
    <beam number="1">begin</beam>
   </note>
   <note color="#000000" default-x="180" default-y="-29">
    <pitch>
     <step>B</step>
     <octave>5</octave>
    </pitch>
    <duration>64</duration>
    <instrument id="P1-I1" />
    <voice>1</voice>
    <type>16th</type>
    <stem>down</stem>
    <staff>1</staff>
    <beam number="1">continue</beam>
    <beam number="2">backward hook</beam>
   </note>
   <note color="#000000" default-x="205" default-y="-29">
    <pitch>
     <step>A</step>
     <octave>5</octave>
    </pitch>
    <duration>192</duration>
    <instrument id="P1-I1" />
    <voice>1</voice>
    <type>eighth</type>
    <dot />
    <stem>down</stem>
    <staff>1</staff>
    <beam number="1">continue</beam>
   </note>
   <note color="#000000" default-x="242" default-y="-29">
    <pitch>
     <step>G</step>
     <octave>5</octave>
    </pitch>
    <duration>64</duration>
    <instrument id="P1-I1" />
    <voice>1</voice>
    <type>16th</type>
    <stem>down</stem>
    <staff>1</staff>
    <beam number="1">end</beam>
    <beam number="2">backward hook</beam>
   </note>
  </measure>
  <!--============== Part: P1, Measure: 17 ==============-->
  <measure number="17" width="297">
   <note color="#000000" default-x="20" default-y="-32">
    <pitch>
     <step>F</step>
     <alter>1</alter>
     <octave>5</octave>
    </pitch>
    <duration>85</duration>
    <instrument id="P1-I1" />
    <voice>1</voice>
    <type>eighth</type>
    <time-modification>
     <actual-notes>3</actual-notes>
     <normal-notes>2</normal-notes>
     <normal-type>eighth</normal-type>
    </time-modification>
    <stem>down</stem>
    <staff>1</staff>
    <beam number="1">begin</beam>
    <notations>
     <tuplet type="start" bracket="no" number="1" default-y="-20" placement="below" />
    </notations>
   </note>
   <note color="#000000" default-x="45" default-y="-32">
    <pitch>
     <step>A</step>
     <octave>5</octave>
    </pitch>
    <duration>85</duration>
    <instrument id="P1-I1" />
    <voice>1</voice>
    <type>eighth</type>
    <time-modification>
     <actual-notes>3</actual-notes>
     <normal-notes>2</normal-notes>
     <normal-type>eighth</normal-type>
    </time-modification>
    <stem>down</stem>
    <staff>1</staff>
    <beam number="1">continue</beam>
   </note>
   <note color="#000000" default-x="71" default-y="-32">
    <pitch>
     <step>F</step>
     <alter>1</alter>
     <octave>5</octave>
    </pitch>
    <duration>86</duration>
    <instrument id="P1-I1" />
    <voice>1</voice>
    <type>eighth</type>
    <time-modification>
     <actual-notes>3</actual-notes>
     <normal-notes>2</normal-notes>
     <normal-type>eighth</normal-type>
    </time-modification>
    <stem>down</stem>
    <staff>1</staff>
    <beam number="1">end</beam>
    <notations>
     <tuplet type="stop" bracket="no" number="1" default-y="-20" placement="below" />
    </notations>
   </note>
   <note color="#000000" default-x="97" default-y="-42">
    <pitch>
     <step>D</step>
     <octave>5</octave>
    </pitch>
    <duration>192</duration>
    <instrument id="P1-I1" />
    <voice>1</voice>
    <type>eighth</type>
    <dot />
    <stem>down</stem>
    <staff>1</staff>
    <beam number="1">begin</beam>
   </note>
   <note color="#000000" default-x="134" default-y="-42">
    <pitch>
     <step>F</step>
     <alter>1</alter>
     <octave>5</octave>
    </pitch>
    <duration>64</duration>
    <instrument id="P1-I1" />
    <voice>1</voice>
    <type>16th</type>
    <stem>down</stem>
    <staff>1</staff>
    <beam number="1">end</beam>
    <beam number="2">backward hook</beam>
   </note>
   <note color="#000000" default-x="159" default-y="-39">
    <pitch>
     <step>E</step>
     <octave>5</octave>
    </pitch>
    <duration>85</duration>
    <instrument id="P1-I1" />
    <voice>1</voice>
    <type>eighth</type>
    <time-modification>
     <actual-notes>3</actual-notes>
     <normal-notes>2</normal-notes>
     <normal-type>eighth</normal-type>
    </time-modification>
    <stem>down</stem>
    <staff>1</staff>
    <beam number="1">begin</beam>
    <notations>
     <tuplet type="start" bracket="no" number="1" default-y="-20" placement="below" />
    </notations>
   </note>
   <note color="#000000" default-x="184" default-y="-39">
    <pitch>
     <step>G</step>
     <octave>5</octave>
    </pitch>
    <duration>85</duration>
    <instrument id="P1-I1" />
    <voice>1</voice>
    <type>eighth</type>
    <time-modification>
     <actual-notes>3</actual-notes>
     <normal-notes>2</normal-notes>
     <normal-type>eighth</normal-type>
    </time-modification>
    <stem>down</stem>
    <staff>1</staff>
    <beam number="1">continue</beam>
   </note>
   <note color="#000000" default-x="210" default-y="-39">
    <pitch>
     <step>E</step>
     <octave>5</octave>
    </pitch>
    <duration>86</duration>
    <instrument id="P1-I1" />
    <voice>1</voice>
    <type>eighth</type>
    <time-modification>
     <actual-notes>3</actual-notes>
     <normal-notes>2</normal-notes>
     <normal-type>eighth</normal-type>
    </time-modification>
    <stem>down</stem>
    <staff>1</staff>
    <beam number="1">end</beam>
    <notations>
     <tuplet type="stop" bracket="no" number="1" default-y="-20" placement="below" />
    </notations>
   </note>
   <note color="#000000" default-x="236" default-y="-44">
    <pitch>
     <step>C</step>
     <alter>1</alter>
     <octave>5</octave>
    </pitch>
    <duration>192</duration>
    <instrument id="P1-I1" />
    <voice>1</voice>
    <type>eighth</type>
    <dot />
    <stem>down</stem>
    <staff>1</staff>
    <beam number="1">begin</beam>
   </note>
   <note color="#000000" default-x="273" default-y="-44">
    <pitch>
     <step>E</step>
     <octave>5</octave>
    </pitch>
    <duration>64</duration>
    <instrument id="P1-I1" />
    <voice>1</voice>
    <type>16th</type>
    <stem>down</stem>
    <staff>1</staff>
    <beam number="1">end</beam>
    <beam number="2">backward hook</beam>
   </note>
  </measure>
  <!--============== Part: P1, Measure: 18 ==============-->
  <measure number="18" width="210">
   <note color="#000000" default-x="20" default-y="-47">
    <pitch>
     <step>D</step>
     <octave>5</octave>
    </pitch>
    <duration>192</duration>
    <instrument id="P1-I1" />
    <voice>1</voice>
    <type>eighth</type>
    <dot />
    <stem>down</stem>
    <staff>1</staff>
    <beam number="1">begin</beam>
   </note>
   <note color="#000000" default-x="57" default-y="-47">
    <pitch>
     <step>F</step>
     <alter>1</alter>
     <octave>5</octave>
    </pitch>
    <duration>64</duration>
    <instrument id="P1-I1" />
    <voice>1</voice>
    <type>16th</type>
    <stem>down</stem>
    <staff>1</staff>
    <beam number="1">continue</beam>
    <beam number="2">backward hook</beam>
   </note>
   <note color="#000000" default-x="81" default-y="-47">
    <pitch>
     <step>E</step>
     <octave>5</octave>
    </pitch>
    <duration>192</duration>
    <instrument id="P1-I1" />
    <voice>1</voice>
    <type>eighth</type>
    <dot />
    <stem>down</stem>
    <staff>1</staff>
    <beam number="1">continue</beam>
   </note>
   <note color="#000000" default-x="119" default-y="-47">
    <pitch>
     <step>C</step>
     <alter>1</alter>
     <octave>5</octave>
    </pitch>
    <duration>64</duration>
    <instrument id="P1-I1" />
    <voice>1</voice>
    <type>16th</type>
    <stem>down</stem>
    <staff>1</staff>
    <beam number="1">end</beam>
    <beam number="2">backward hook</beam>
   </note>
   <note color="#000000" default-x="143" default-y="-45">
    <pitch>
     <step>D</step>
     <octave>5</octave>
    </pitch>
    <duration>256</duration>
    <instrument id="P1-I1" />
    <voice>1</voice>
    <type>quarter</type>
    <stem>down</stem>
    <staff>1</staff>
   </note>
   <barline location="right">
    <bar-style>light-heavy</bar-style>
    <repeat direction="backward" />
   </barline>
  </measure>
  <!--============== Part: P1, Measure: 19 ==============-->
  <measure number="19" width="165">
   <print new-system="yes">
    <system-layout>
     <system-margins>
      <left-margin>0</left-margin>
      <right-margin>0</right-margin>
     </system-margins>
     <system-distance>75</system-distance>
    </system-layout>
   </print>
   <attributes>
    <staff-details number="1" print-object="yes" />
   </attributes>
   <barline location="left">
    <bar-style>heavy-light</bar-style>
    <repeat direction="forward" />
   </barline>
   <note color="#000000" default-x="110" default-y="-32">
    <pitch>
     <step>F</step>
     <alter>1</alter>
     <octave>5</octave>
    </pitch>
    <duration>192</duration>
    <instrument id="P1-I1" />
    <voice>1</voice>
    <type>eighth</type>
    <dot />
    <stem>down</stem>
    <staff>1</staff>
    <beam number="1">begin</beam>
    <notations>
     <slur color="#000000" type="start" orientation="over" />
    </notations>
   </note>
   <note color="#000000" default-x="145" default-y="-32">
    <pitch>
     <step>G</step>
     <octave>5</octave>
    </pitch>
    <duration>64</duration>
    <instrument id="P1-I1" />
    <voice>1</voice>
    <type>16th</type>
    <stem>down</stem>
    <staff>1</staff>
    <beam number="1">end</beam>
    <beam number="2">backward hook</beam>
    <notations>
     <slur color="#000000" type="stop" orientation="over" />
    </notations>
   </note>
  </measure>
  <!--============== Part: P1, Measure: 20 ==============-->
  <measure number="20" width="237">
   <note color="#000000" default-x="20" default-y="-32">
    <pitch>
     <step>A</step>
     <octave>5</octave>
    </pitch>
    <duration>192</duration>
    <instrument id="P1-I1" />
    <voice>1</voice>
    <type>eighth</type>
    <dot />
    <stem>down</stem>
    <staff>1</staff>
    <beam number="1">begin</beam>
   </note>
   <note color="#000000" default-x="56" default-y="-32">
    <pitch>
     <step>G</step>
     <alter>1</alter>
     <octave>5</octave>
    </pitch>
    <duration>64</duration>
    <instrument id="P1-I1" />
    <voice>1</voice>
    <type>16th</type>
    <accidental>sharp</accidental>
    <stem>down</stem>
    <staff>1</staff>
    <beam number="1">continue</beam>
    <beam number="2">backward hook</beam>
   </note>
   <note color="#000000" default-x="76" default-y="-32">
    <pitch>
     <step>A</step>
     <octave>5</octave>
    </pitch>
    <duration>192</duration>
    <instrument id="P1-I1" />
    <voice>1</voice>
    <type>eighth</type>
    <dot />
    <stem>down</stem>
    <staff>1</staff>
    <beam number="1">continue</beam>
   </note>
   <note color="#000000" default-x="111" default-y="-32">
    <pitch>
     <step>B</step>
     <octave>5</octave>
    </pitch>
    <duration>64</duration>
    <instrument id="P1-I1" />
    <voice>1</voice>
    <type>16th</type>
    <stem>down</stem>
    <staff>1</staff>
    <beam number="1">end</beam>
    <beam number="2">backward hook</beam>
   </note>
   <note color="#000000" default-x="135" default-y="-47">
    <pitch>
     <step>A</step>
     <octave>5</octave>
    </pitch>
    <duration>192</duration>
    <instrument id="P1-I1" />
    <voice>1</voice>
    <type>eighth</type>
    <dot />
    <stem>down</stem>
    <staff>1</staff>
    <beam number="1">begin</beam>
   </note>
   <note color="#000000" default-x="163" default-y="-47">
    <pitch>
     <step>F</step>
     <alter>1</alter>
     <octave>5</octave>
    </pitch>
    <duration>64</duration>
    <instrument id="P1-I1" />
    <voice>1</voice>
    <type>16th</type>
    <stem>down</stem>
    <staff>1</staff>
    <beam number="1">continue</beam>
    <beam number="2">backward hook</beam>
   </note>
   <note color="#000000" default-x="182" default-y="-47">
    <pitch>
     <step>D</step>
     <octave>5</octave>
    </pitch>
    <duration>192</duration>
    <instrument id="P1-I1" />
    <voice>1</voice>
    <type>eighth</type>
    <dot />
    <stem>down</stem>
    <staff>1</staff>
    <beam number="1">continue</beam>
   </note>
   <note color="#000000" default-x="217" default-y="-47">
    <pitch>
     <step>F</step>
     <alter>1</alter>
     <octave>5</octave>
    </pitch>
    <duration>64</duration>
    <instrument id="P1-I1" />
    <voice>1</voice>
    <type>16th</type>
    <stem>down</stem>
    <staff>1</staff>
    <beam number="1">end</beam>
    <beam number="2">backward hook</beam>
   </note>
  </measure>
  <!--============== Part: P1, Measure: 21 ==============-->
  <measure number="21" width="225">
   <note color="#000000" default-x="20" default-y="-32">
    <pitch>
     <step>G</step>
     <octave>5</octave>
    </pitch>
    <duration>192</duration>
    <instrument id="P1-I1" />
    <voice>1</voice>
    <type>eighth</type>
    <dot />
    <stem>down</stem>
    <staff>1</staff>
    <beam number="1">begin</beam>
   </note>
   <note color="#000000" default-x="48" default-y="-32">
    <pitch>
     <step>F</step>
     <alter>1</alter>
     <octave>5</octave>
    </pitch>
    <duration>64</duration>
    <instrument id="P1-I1" />
    <voice>1</voice>
    <type>16th</type>
    <stem>down</stem>
    <staff>1</staff>
    <beam number="1">continue</beam>
    <beam number="2">backward hook</beam>
   </note>
   <note color="#000000" default-x="67" default-y="-32">
    <pitch>
     <step>G</step>
     <octave>5</octave>
    </pitch>
    <duration>192</duration>
    <instrument id="P1-I1" />
    <voice>1</voice>
    <type>eighth</type>
    <dot />
    <stem>down</stem>
    <staff>1</staff>
    <beam number="1">continue</beam>
   </note>
   <note color="#000000" default-x="102" default-y="-32">
    <pitch>
     <step>A</step>
     <octave>5</octave>
    </pitch>
    <duration>64</duration>
    <instrument id="P1-I1" />
    <voice>1</voice>
    <type>16th</type>
    <stem>down</stem>
    <staff>1</staff>
    <beam number="1">end</beam>
    <beam number="2">backward hook</beam>
   </note>
   <note color="#000000" default-x="122" default-y="-54">
    <pitch>
     <step>G</step>
     <octave>5</octave>
    </pitch>
    <duration>192</duration>
    <instrument id="P1-I1" />
    <voice>1</voice>
    <type>eighth</type>
    <dot />
    <stem>down</stem>
    <staff>1</staff>
    <beam number="1">begin</beam>
   </note>
   <note color="#000000" default-x="151" default-y="-54">
    <pitch>
     <step>E</step>
     <octave>5</octave>
    </pitch>
    <duration>64</duration>
    <instrument id="P1-I1" />
    <voice>1</voice>
    <type>16th</type>
    <stem>down</stem>
    <staff>1</staff>
    <beam number="1">continue</beam>
    <beam number="2">backward hook</beam>
   </note>
   <note color="#000000" default-x="170" default-y="-54">
    <pitch>
     <step>C</step>
     <alter>1</alter>
     <octave>5</octave>
    </pitch>
    <duration>192</duration>
    <instrument id="P1-I1" />
    <voice>1</voice>
    <type>eighth</type>
    <dot />
    <stem>down</stem>
    <staff>1</staff>
    <beam number="1">continue</beam>
   </note>
   <note color="#000000" default-x="205" default-y="-54">
    <pitch>
     <step>A</step>
     <octave>4</octave>
    </pitch>
    <duration>64</duration>
    <instrument id="P1-I1" />
    <voice>1</voice>
    <type>16th</type>
    <stem>down</stem>
    <staff>1</staff>
    <beam number="1">end</beam>
    <beam number="2">backward hook</beam>
   </note>
  </measure>
  <!--============== Part: P1, Measure: 22 ==============-->
  <measure number="22" width="237">
   <note color="#000000" default-x="20" default-y="-32">
    <pitch>
     <step>A</step>
     <octave>5</octave>
    </pitch>
    <duration>192</duration>
    <instrument id="P1-I1" />
    <voice>1</voice>
    <type>eighth</type>
    <dot />
    <stem>down</stem>
    <staff>1</staff>
    <beam number="1">begin</beam>
   </note>
   <note color="#000000" default-x="56" default-y="-32">
    <pitch>
     <step>G</step>
     <alter>1</alter>
     <octave>5</octave>
    </pitch>
    <duration>64</duration>
    <instrument id="P1-I1" />
    <voice>1</voice>
    <type>16th</type>
    <accidental>sharp</accidental>
    <stem>down</stem>
    <staff>1</staff>
    <beam number="1">continue</beam>
    <beam number="2">backward hook</beam>
   </note>
   <note color="#000000" default-x="76" default-y="-32">
    <pitch>
     <step>A</step>
     <octave>5</octave>
    </pitch>
    <duration>192</duration>
    <instrument id="P1-I1" />
    <voice>1</voice>
    <type>eighth</type>
    <dot />
    <stem>down</stem>
    <staff>1</staff>
    <beam number="1">continue</beam>
   </note>
   <note color="#000000" default-x="111" default-y="-32">
    <pitch>
     <step>B</step>
     <octave>5</octave>
    </pitch>
    <duration>64</duration>
    <instrument id="P1-I1" />
    <voice>1</voice>
    <type>16th</type>
    <stem>down</stem>
    <staff>1</staff>
    <beam number="1">end</beam>
    <beam number="2">backward hook</beam>
   </note>
   <note color="#000000" default-x="135" default-y="-47">
    <pitch>
     <step>A</step>
     <octave>5</octave>
    </pitch>
    <duration>192</duration>
    <instrument id="P1-I1" />
    <voice>1</voice>
    <type>eighth</type>
    <dot />
    <stem>down</stem>
    <staff>1</staff>
    <beam number="1">begin</beam>
   </note>
   <note color="#000000" default-x="163" default-y="-47">
    <pitch>
     <step>F</step>
     <alter>1</alter>
     <octave>5</octave>
    </pitch>
    <duration>64</duration>
    <instrument id="P1-I1" />
    <voice>1</voice>
    <type>16th</type>
    <stem>down</stem>
    <staff>1</staff>
    <beam number="1">continue</beam>
    <beam number="2">backward hook</beam>
   </note>
   <note color="#000000" default-x="182" default-y="-47">
    <pitch>
     <step>D</step>
     <octave>5</octave>
    </pitch>
    <duration>192</duration>
    <instrument id="P1-I1" />
    <voice>1</voice>
    <type>eighth</type>
    <dot />
    <stem>down</stem>
    <staff>1</staff>
    <beam number="1">continue</beam>
   </note>
   <note color="#000000" default-x="217" default-y="-47">
    <pitch>
     <step>F</step>
     <alter>1</alter>
     <octave>5</octave>
    </pitch>
    <duration>64</duration>
    <instrument id="P1-I1" />
    <voice>1</voice>
    <type>16th</type>
    <stem>down</stem>
    <staff>1</staff>
    <beam number="1">end</beam>
    <beam number="2">backward hook</beam>
   </note>
  </measure>
  <!--============== Part: P1, Measure: 23 ==============-->
  <measure number="23" width="225">
   <note color="#000000" default-x="20" default-y="-39">
    <pitch>
     <step>E</step>
     <octave>5</octave>
    </pitch>
    <duration>85</duration>
    <instrument id="P1-I1" />
    <voice>1</voice>
    <type>eighth</type>
    <time-modification>
     <actual-notes>3</actual-notes>
     <normal-notes>2</normal-notes>
     <normal-type>eighth</normal-type>
    </time-modification>
    <stem>down</stem>
    <staff>1</staff>
    <beam number="1">begin</beam>
    <notations>
     <tuplet type="start" bracket="no" number="1" default-y="-20" placement="below" />
    </notations>
   </note>
   <note color="#000000" default-x="39" default-y="-39">
    <pitch>
     <step>F</step>
     <alter>1</alter>
     <octave>5</octave>
    </pitch>
    <duration>85</duration>
    <instrument id="P1-I1" />
    <voice>1</voice>
    <type>eighth</type>
    <time-modification>
     <actual-notes>3</actual-notes>
     <normal-notes>2</normal-notes>
     <normal-type>eighth</normal-type>
    </time-modification>
    <stem>down</stem>
    <staff>1</staff>
    <beam number="1">continue</beam>
   </note>
   <note color="#000000" default-x="59" default-y="-39">
    <pitch>
     <step>E</step>
     <octave>5</octave>
    </pitch>
    <duration>86</duration>
    <instrument id="P1-I1" />
    <voice>1</voice>
    <type>eighth</type>
    <time-modification>
     <actual-notes>3</actual-notes>
     <normal-notes>2</normal-notes>
     <normal-type>eighth</normal-type>
    </time-modification>
    <stem>down</stem>
    <staff>1</staff>
    <beam number="1">end</beam>
    <notations>
     <tuplet type="stop" bracket="no" number="1" default-y="-20" placement="below" />
    </notations>
   </note>
   <note color="#000000" default-x="79" default-y="-49">
    <pitch>
     <step>D</step>
     <octave>5</octave>
    </pitch>
    <duration>85</duration>
    <instrument id="P1-I1" />
    <voice>1</voice>
    <type>eighth</type>
    <time-modification>
     <actual-notes>3</actual-notes>
     <normal-notes>2</normal-notes>
     <normal-type>eighth</normal-type>
    </time-modification>
    <stem>down</stem>
    <staff>1</staff>
    <beam number="1">begin</beam>
    <notations>
     <tuplet type="start" bracket="no" number="1" default-y="-20" placement="below" />
    </notations>
   </note>
   <note color="#000000" default-x="99" default-y="-49">
    <pitch>
     <step>C</step>
     <alter>1</alter>
     <octave>5</octave>
    </pitch>
    <duration>85</duration>
    <instrument id="P1-I1" />
    <voice>1</voice>
    <type>eighth</type>
    <time-modification>
     <actual-notes>3</actual-notes>
     <normal-notes>2</normal-notes>
     <normal-type>eighth</normal-type>
    </time-modification>
    <stem>down</stem>
    <staff>1</staff>
    <beam number="1">continue</beam>
   </note>
   <note color="#000000" default-x="118" default-y="-49">
    <pitch>
     <step>B</step>
     <octave>4</octave>
    </pitch>
    <duration>86</duration>
    <instrument id="P1-I1" />
    <voice>1</voice>
    <type>eighth</type>
    <time-modification>
     <actual-notes>3</actual-notes>
     <normal-notes>2</normal-notes>
     <normal-type>eighth</normal-type>
    </time-modification>
    <stem>down</stem>
    <staff>1</staff>
    <beam number="1">end</beam>
    <notations>
     <tuplet type="stop" bracket="no" number="1" default-y="-20" placement="below" />
    </notations>
   </note>
   <direction>
    <direction-type>
     <other-direction default-y="-54" print-object="no">Accent above</other-direction>
    </direction-type>
    <voice>1</voice>
    <staff>1</staff>
   </direction>
   <note color="#000000" default-x="138" default-y="10">
    <pitch>
     <step>A</step>
     <octave>4</octave>
    </pitch>
    <duration>256</duration>
    <instrument id="P1-I1" />
    <voice>1</voice>
    <type>quarter</type>
    <stem>up</stem>
    <staff>1</staff>
   </note>
   <note color="#000000" default-x="170" default-y="-32">
    <pitch>
     <step>F</step>
     <alter>1</alter>
     <octave>5</octave>
    </pitch>
    <duration>192</duration>
    <instrument id="P1-I1" />
    <voice>1</voice>
    <type>eighth</type>
    <dot />
    <stem>down</stem>
    <staff>1</staff>
    <beam number="1">begin</beam>
    <notations>
     <slur color="#000000" type="start" orientation="over" />
    </notations>
   </note>
   <note color="#000000" default-x="205" default-y="-32">
    <pitch>
     <step>G</step>
     <octave>5</octave>
    </pitch>
    <duration>64</duration>
    <instrument id="P1-I1" />
    <voice>1</voice>
    <type>16th</type>
    <stem>down</stem>
    <staff>1</staff>
    <beam number="1">end</beam>
    <beam number="2">backward hook</beam>
    <notations>
     <slur color="#000000" type="stop" orientation="over" />
    </notations>
   </note>
  </measure>
  <!--============== Part: P1, Measure: 24 ==============-->
  <measure number="24" width="348">
   <print new-system="yes">
    <system-layout>
     <system-margins>
      <left-margin>0</left-margin>
      <right-margin>0</right-margin>
     </system-margins>
     <system-distance>75</system-distance>
    </system-layout>
   </print>
   <attributes>
    <staff-details number="1" print-object="yes" />
   </attributes>
   <note color="#000000" default-x="87" default-y="-32">
    <pitch>
     <step>A</step>
     <octave>5</octave>
    </pitch>
    <duration>192</duration>
    <instrument id="P1-I1" />
    <voice>1</voice>
    <type>eighth</type>
    <dot />
    <stem>down</stem>
    <staff>1</staff>
    <beam number="1">begin</beam>
   </note>
   <note color="#000000" default-x="127" default-y="-32">
    <pitch>
     <step>G</step>
     <alter>1</alter>
     <octave>5</octave>
    </pitch>
    <duration>64</duration>
    <instrument id="P1-I1" />
    <voice>1</voice>
    <type>16th</type>
    <accidental>sharp</accidental>
    <stem>down</stem>
    <staff>1</staff>
    <beam number="1">continue</beam>
    <beam number="2">backward hook</beam>
   </note>
   <note color="#000000" default-x="152" default-y="-32">
    <pitch>
     <step>A</step>
     <octave>5</octave>
    </pitch>
    <duration>192</duration>
    <instrument id="P1-I1" />
    <voice>1</voice>
    <type>eighth</type>
    <dot />
    <stem>down</stem>
    <staff>1</staff>
    <beam number="1">continue</beam>
   </note>
   <note color="#000000" default-x="192" default-y="-32">
    <pitch>
     <step>B</step>
     <octave>5</octave>
    </pitch>
    <duration>64</duration>
    <instrument id="P1-I1" />
    <voice>1</voice>
    <type>16th</type>
    <stem>down</stem>
    <staff>1</staff>
    <beam number="1">end</beam>
    <beam number="2">backward hook</beam>
   </note>
   <note color="#000000" default-x="217" default-y="-47">
    <pitch>
     <step>A</step>
     <octave>5</octave>
    </pitch>
    <duration>192</duration>
    <instrument id="P1-I1" />
    <voice>1</voice>
    <type>eighth</type>
    <dot />
    <stem>down</stem>
    <staff>1</staff>
    <beam number="1">begin</beam>
   </note>
   <note color="#000000" default-x="257" default-y="-47">
    <pitch>
     <step>F</step>
     <alter>1</alter>
     <octave>5</octave>
    </pitch>
    <duration>64</duration>
    <instrument id="P1-I1" />
    <voice>1</voice>
    <type>16th</type>
    <stem>down</stem>
    <staff>1</staff>
    <beam number="1">continue</beam>
    <beam number="2">backward hook</beam>
   </note>
   <note color="#000000" default-x="282" default-y="-47">
    <pitch>
     <step>D</step>
     <octave>5</octave>
    </pitch>
    <duration>192</duration>
    <instrument id="P1-I1" />
    <voice>1</voice>
    <type>eighth</type>
    <dot />
    <stem>down</stem>
    <staff>1</staff>
    <beam number="1">continue</beam>
   </note>
   <note color="#000000" default-x="322" default-y="-47">
    <pitch>
     <step>F</step>
     <alter>1</alter>
     <octave>5</octave>
    </pitch>
    <duration>64</duration>
    <instrument id="P1-I1" />
    <voice>1</voice>
    <type>16th</type>
    <stem>down</stem>
    <staff>1</staff>
    <beam number="1">end</beam>
    <beam number="2">backward hook</beam>
   </note>
  </measure>
  <!--============== Part: P1, Measure: 25 ==============-->
  <measure number="25" width="280">
   <note color="#000000" default-x="20" default-y="-39">
    <pitch>
     <step>G</step>
     <octave>5</octave>
    </pitch>
    <duration>192</duration>
    <instrument id="P1-I1" />
    <voice>1</voice>
    <type>eighth</type>
    <dot />
    <stem>down</stem>
    <staff>1</staff>
    <beam number="1">begin</beam>
   </note>
   <note color="#000000" default-x="59" default-y="-39">
    <pitch>
     <step>F</step>
     <alter>1</alter>
     <octave>5</octave>
    </pitch>
    <duration>64</duration>
    <instrument id="P1-I1" />
    <voice>1</voice>
    <type>16th</type>
    <stem>down</stem>
    <staff>1</staff>
    <beam number="1">continue</beam>
    <beam number="2">backward hook</beam>
   </note>
   <note color="#000000" default-x="85" default-y="-39">
    <pitch>
     <step>E</step>
     <octave>5</octave>
    </pitch>
    <duration>192</duration>
    <instrument id="P1-I1" />
    <voice>1</voice>
    <type>eighth</type>
    <dot />
    <stem>down</stem>
    <staff>1</staff>
    <beam number="1">continue</beam>
   </note>
   <note color="#000000" default-x="124" default-y="-39">
    <pitch>
     <step>D</step>
     <octave>5</octave>
    </pitch>
    <duration>64</duration>
    <instrument id="P1-I1" />
    <voice>1</voice>
    <type>16th</type>
    <stem>down</stem>
    <staff>1</staff>
    <beam number="1">end</beam>
    <beam number="2">backward hook</beam>
   </note>
   <note color="#000000" default-x="150" default-y="-44">
    <pitch>
     <step>C</step>
     <alter>1</alter>
     <octave>5</octave>
    </pitch>
    <duration>192</duration>
    <instrument id="P1-I1" />
    <voice>1</voice>
    <type>eighth</type>
    <dot />
    <stem>down</stem>
    <staff>1</staff>
    <beam number="1">begin</beam>
   </note>
   <note color="#000000" default-x="189" default-y="-44">
    <pitch>
     <step>B</step>
     <octave>5</octave>
    </pitch>
    <duration>64</duration>
    <instrument id="P1-I1" />
    <voice>1</voice>
    <type>16th</type>
    <stem>down</stem>
    <staff>1</staff>
    <beam number="1">continue</beam>
    <beam number="2">backward hook</beam>
   </note>
   <note color="#000000" default-x="215" default-y="-44">
    <pitch>
     <step>A</step>
     <octave>5</octave>
    </pitch>
    <duration>192</duration>
    <instrument id="P1-I1" />
    <voice>1</voice>
    <type>eighth</type>
    <dot />
    <stem>down</stem>
    <staff>1</staff>
    <beam number="1">continue</beam>
   </note>
   <note color="#000000" default-x="255" default-y="-44">
    <pitch>
     <step>G</step>
     <octave>5</octave>
    </pitch>
    <duration>64</duration>
    <instrument id="P1-I1" />
    <voice>1</voice>
    <type>16th</type>
    <stem>down</stem>
    <staff>1</staff>
    <beam number="1">end</beam>
    <beam number="2">backward hook</beam>
   </note>
  </measure>
  <!--============== Part: P1, Measure: 26 ==============-->
  <measure number="26" width="280">
   <note color="#000000" default-x="20" default-y="-39">
    <pitch>
     <step>F</step>
     <alter>1</alter>
     <octave>5</octave>
    </pitch>
    <duration>192</duration>
    <instrument id="P1-I1" />
    <voice>1</voice>
    <type>eighth</type>
    <dot />
    <stem>down</stem>
    <staff>1</staff>
    <beam number="1">begin</beam>
   </note>
   <note color="#000000" default-x="59" default-y="-39">
    <pitch>
     <step>A</step>
     <octave>5</octave>
    </pitch>
    <duration>64</duration>
    <instrument id="P1-I1" />
    <voice>1</voice>
    <type>16th</type>
    <stem>down</stem>
    <staff>1</staff>
    <beam number="1">continue</beam>
    <beam number="2">backward hook</beam>
   </note>
   <note color="#000000" default-x="85" default-y="-39">
    <pitch>
     <step>F</step>
     <alter>1</alter>
     <octave>5</octave>
    </pitch>
    <duration>192</duration>
    <instrument id="P1-I1" />
    <voice>1</voice>
    <type>eighth</type>
    <dot />
    <stem>down</stem>
    <staff>1</staff>
    <beam number="1">continue</beam>
   </note>
   <note color="#000000" default-x="124" default-y="-39">
    <pitch>
     <step>D</step>
     <octave>5</octave>
    </pitch>
    <duration>64</duration>
    <instrument id="P1-I1" />
    <voice>1</voice>
    <type>16th</type>
    <stem>down</stem>
    <staff>1</staff>
    <beam number="1">end</beam>
    <beam number="2">backward hook</beam>
   </note>
   <note color="#000000" default-x="150" default-y="-47">
    <pitch>
     <step>E</step>
     <octave>5</octave>
    </pitch>
    <duration>192</duration>
    <instrument id="P1-I1" />
    <voice>1</voice>
    <type>eighth</type>
    <dot />
    <stem>down</stem>
    <staff>1</staff>
    <beam number="1">begin</beam>
   </note>
   <note color="#000000" default-x="189" default-y="-47">
    <pitch>
     <step>G</step>
     <octave>5</octave>
    </pitch>
    <duration>64</duration>
    <instrument id="P1-I1" />
    <voice>1</voice>
    <type>16th</type>
    <stem>down</stem>
    <staff>1</staff>
    <beam number="1">continue</beam>
    <beam number="2">backward hook</beam>
   </note>
   <note color="#000000" default-x="215" default-y="-47">
    <pitch>
     <step>E</step>
     <octave>5</octave>
    </pitch>
    <duration>192</duration>
    <instrument id="P1-I1" />
    <voice>1</voice>
    <type>eighth</type>
    <dot />
    <stem>down</stem>
    <staff>1</staff>
    <beam number="1">continue</beam>
   </note>
   <note color="#000000" default-x="255" default-y="-47">
    <pitch>
     <step>C</step>
     <alter>1</alter>
     <octave>5</octave>
    </pitch>
    <duration>64</duration>
    <instrument id="P1-I1" />
    <voice>1</voice>
    <type>16th</type>
    <stem>down</stem>
    <staff>1</staff>
    <beam number="1">end</beam>
    <beam number="2">backward hook</beam>
   </note>
  </measure>
  <!--============== Part: P1, Measure: 27 ==============-->
  <measure number="27" width="181">
   <direction>
    <direction-type>
     <other-direction default-y="5" print-object="no">Accent above</other-direction>
    </direction-type>
    <voice>1</voice>
    <staff>1</staff>
   </direction>
   <note color="#000000" default-x="20" default-y="-45">
    <pitch>
     <step>D</step>
     <octave>5</octave>
    </pitch>
    <duration>256</duration>
    <instrument id="P1-I1" />
    <voice>1</voice>
    <type>quarter</type>
    <stem>down</stem>
    <staff>1</staff>
   </note>
   <direction>
    <direction-type>
     <other-direction default-y="12" print-object="no">Accent above</other-direction>
    </direction-type>
    <voice>1</voice>
    <staff>1</staff>
   </direction>
   <note color="#000000" default-x="65" default-y="-35">
    <pitch>
     <step>F</step>
     <alter>1</alter>
     <octave>5</octave>
    </pitch>
    <duration>256</duration>
    <instrument id="P1-I1" />
    <voice>1</voice>
    <type>quarter</type>
    <stem>down</stem>
    <staff>1</staff>
   </note>
   <direction>
    <direction-type>
     <other-direction default-y="5" print-object="no">Accent above</other-direction>
    </direction-type>
    <voice>1</voice>
    <staff>1</staff>
   </direction>
   <note color="#000000" default-x="112" default-y="-45">
    <pitch>
     <step>D</step>
     <octave>5</octave>
    </pitch>
    <duration>256</duration>
    <instrument id="P1-I1" />
    <voice>1</voice>
    <type>quarter</type>
    <stem>down</stem>
    <staff>1</staff>
   </note>
   <barline location="right">
    <bar-style>light-heavy</bar-style>
    <repeat direction="backward" />
   </barline>
  </measure>
 </part>
</score-partwise>
