<?xml version="1.0" encoding='UTF-8' standalone='no' ?>
<!DOCTYPE score-partwise PUBLIC "-//Recordare//DTD MusicXML 3.0 Partwise//EN" "http://www.musicxml.org/dtds/partwise.dtd">
<score-partwise version="3.0">
 <work>
  <work-title>The Templehouse</work-title>
 </work>
 <identification>
  <encoding>
   <encoding-date>2015-06-03</encoding-date>
   <encoder>ITMA user</encoder>
   <software>Sibelius 7.1.3</software>
   <software>Direct export, not from Dolet</software>
   <encoding-description>Sibelius / MusicXML 3.0</encoding-description>
   <supports element="print" type="yes" value="yes" attribute="new-system" />
   <supports element="print" type="yes" value="yes" attribute="new-page" />
   <supports element="accidental" type="yes" />
   <supports element="beam" type="yes" />
   <supports element="stem" type="yes" />
  </encoding>
 </identification>
 <defaults>
  <scaling>
   <millimeters>210</millimeters>
   <tenths>1272</tenths>
  </scaling>
  <page-layout>
   <page-height>805</page-height>
   <page-width>1272</page-width>
   <page-margins type="both">
    <left-margin>90</left-margin>
    <right-margin>90</right-margin>
    <top-margin>90</top-margin>
    <bottom-margin>90</bottom-margin>
   </page-margins>
  </page-layout>
  <system-layout>
   <system-distance>75</system-distance>
  </system-layout>
  <appearance>
   <line-width type="stem">0.9375</line-width>
   <line-width type="beam">5</line-width>
   <line-width type="staff">0.9375</line-width>
   <line-width type="light barline">1.5625</line-width>
   <line-width type="heavy barline">5</line-width>
   <line-width type="leger">1.5625</line-width>
   <line-width type="ending">1.5625</line-width>
   <line-width type="wedge">1.25</line-width>
   <line-width type="enclosure">0.9375</line-width>
   <line-width type="tuplet bracket">1.25</line-width>
   <line-width type="bracket">5</line-width>
   <line-width type="dashes">1.5625</line-width>
   <line-width type="extend">0.9375</line-width>
   <line-width type="octave shift">1.5625</line-width>
   <line-width type="pedal">1.5625</line-width>
   <line-width type="slur middle">1.5625</line-width>
   <line-width type="slur tip">0.625</line-width>
   <line-width type="tie middle">1.5625</line-width>
   <line-width type="tie tip">0.625</line-width>
   <note-size type="cue">75</note-size>
   <note-size type="grace">60</note-size>
  </appearance>
  <music-font font-family="Opus Std" font-size="18.7087" />
  <lyric-font font-family="Times New Roman" font-size="10.8159" />
  <lyric-language xml:lang="en" />
 </defaults>
 <credit page="1">
  <credit-words default-x="636" default-y="642" font-family="Times New Roman" font-style="normal" font-size="13.1545" font-weight="normal" justify="center" valign="middle"> </credit-words>
 </credit>
 <credit page="1">
  <credit-words default-x="112" default-y="103" font-family="Times New Roman" font-style="normal" font-size="10.9621" font-weight="normal" justify="left" valign="middle">Hugh McDermott, ed., Allan’s “Irish Fiddler”, Glasgow, n.d., p. 16</credit-words>
 </credit>
 <credit page="1">
  <credit-words default-x="636" default-y="715" font-family="Times New Roman" font-style="normal" font-size="20.7549" font-weight="normal" justify="center" valign="middle">The Templehouse</credit-words>
 </credit>
 <credit page="1">
  <credit-words default-x="636" default-y="715" font-family="Times New Roman" font-style="normal" font-size="20.7549" font-weight="normal" justify="center" valign="middle">65                                               </credit-words>
 </credit>
 <part-list>
  <score-part id="P1">
   <part-name> </part-name>
   <part-name-display>
    <display-text> </display-text>
   </part-name-display>
   <part-abbreviation> </part-abbreviation>
   <part-abbreviation-display>
    <display-text> </display-text>
   </part-abbreviation-display>
   <score-instrument id="P1-I1">
    <instrument-name> </instrument-name>
    <virtual-instrument>
     <virtual-library>General MIDI</virtual-library>
    </virtual-instrument>
   </score-instrument>
  </score-part>
 </part-list>
 <part id="P1">
  <!--============== Part: P1, Measure: 1 ==============-->
  <measure number="1" width="333">
   <print new-page="yes">
    <system-layout>
     <system-margins>
      <left-margin>0</left-margin>
      <right-margin>0</right-margin>
     </system-margins>
     <top-system-distance>126</top-system-distance>
    </system-layout>
   </print>
   <attributes>
    <divisions>256</divisions>
    <key color="#000000">
     <fifths>1</fifths>
     <mode>major</mode>
    </key>
    <time symbol="cut" color="#000000">
     <beats>2</beats>
     <beat-type>2</beat-type>
    </time>
    <staves>1</staves>
    <clef number="1" color="#000000">
     <sign>G</sign>
     <line>2</line>
    </clef>
    <staff-details number="1" print-object="yes" />
   </attributes>
   <note color="#000000" default-x="93" default-y="9">
    <pitch>
     <step>E</step>
     <octave>4</octave>
    </pitch>
    <duration>128</duration>
    <instrument id="P1-I1" />
    <voice>1</voice>
    <type>eighth</type>
    <stem>up</stem>
    <staff>1</staff>
    <beam number="1">begin</beam>
   </note>
   <note color="#000000" default-x="123" default-y="9">
    <pitch>
     <step>F</step>
     <alter>1</alter>
     <octave>4</octave>
    </pitch>
    <duration>128</duration>
    <instrument id="P1-I1" />
    <voice>1</voice>
    <type>eighth</type>
    <stem>up</stem>
    <staff>1</staff>
    <beam number="1">continue</beam>
   </note>
   <note color="#000000" default-x="153" default-y="9">
    <pitch>
     <step>G</step>
     <octave>4</octave>
    </pitch>
    <duration>128</duration>
    <instrument id="P1-I1" />
    <voice>1</voice>
    <type>eighth</type>
    <stem>up</stem>
    <staff>1</staff>
    <beam number="1">continue</beam>
   </note>
   <note color="#000000" default-x="183" default-y="9">
    <pitch>
     <step>A</step>
     <octave>4</octave>
    </pitch>
    <duration>128</duration>
    <instrument id="P1-I1" />
    <voice>1</voice>
    <type>eighth</type>
    <stem>up</stem>
    <staff>1</staff>
    <beam number="1">end</beam>
   </note>
   <direction>
    <direction-type>
     <other-direction default-y="-55" print-object="no">Accent above</other-direction>
    </direction-type>
    <voice>1</voice>
    <staff>1</staff>
   </direction>
   <note color="#000000" default-x="213" default-y="12">
    <pitch>
     <step>B</step>
     <octave>4</octave>
    </pitch>
    <duration>128</duration>
    <instrument id="P1-I1" />
    <voice>1</voice>
    <type>eighth</type>
    <stem>up</stem>
    <staff>1</staff>
    <beam number="1">begin</beam>
   </note>
   <note color="#000000" default-x="243" default-y="12">
    <pitch>
     <step>G</step>
     <octave>4</octave>
    </pitch>
    <duration>128</duration>
    <instrument id="P1-I1" />
    <voice>1</voice>
    <type>eighth</type>
    <stem>up</stem>
    <staff>1</staff>
    <beam number="1">continue</beam>
   </note>
   <note color="#000000" default-x="273" default-y="12">
    <pitch>
     <step>F</step>
     <alter>1</alter>
     <octave>4</octave>
    </pitch>
    <duration>128</duration>
    <instrument id="P1-I1" />
    <voice>1</voice>
    <type>eighth</type>
    <stem>up</stem>
    <staff>1</staff>
    <beam number="1">continue</beam>
   </note>
   <note color="#000000" default-x="303" default-y="12">
    <pitch>
     <step>D</step>
     <octave>4</octave>
    </pitch>
    <duration>128</duration>
    <instrument id="P1-I1" />
    <voice>1</voice>
    <type>eighth</type>
    <stem>up</stem>
    <staff>1</staff>
    <beam number="1">end</beam>
   </note>
  </measure>
  <!--============== Part: P1, Measure: 2 ==============-->
  <measure number="2" width="255">
   <direction>
    <direction-type>
     <other-direction default-y="-63" print-object="no">Accent above</other-direction>
    </direction-type>
    <voice>1</voice>
    <staff>1</staff>
   </direction>
   <note color="#000000" default-x="20" default-y="-10">
    <pitch>
     <step>D</step>
     <octave>4</octave>
    </pitch>
    <duration>256</duration>
    <instrument id="P1-I1" />
    <voice>1</voice>
    <type>quarter</type>
    <stem>up</stem>
    <staff>1</staff>
   </note>
   <note color="#000000" default-x="61" default-y="-5">
    <pitch>
     <step>F</step>
     <alter>1</alter>
     <octave>4</octave>
    </pitch>
    <duration>85</duration>
    <instrument id="P1-I1" />
    <voice>1</voice>
    <type>eighth</type>
    <time-modification>
     <actual-notes>3</actual-notes>
     <normal-notes>2</normal-notes>
     <normal-type>eighth</normal-type>
    </time-modification>
    <stem>up</stem>
    <staff>1</staff>
    <beam number="1">begin</beam>
    <notations>
     <tuplet type="start" bracket="no" number="1" default-y="-20" placement="above" />
    </notations>
   </note>
   <note color="#000000" default-x="86" default-y="-5">
    <pitch>
     <step>E</step>
     <octave>4</octave>
    </pitch>
    <duration>85</duration>
    <instrument id="P1-I1" />
    <voice>1</voice>
    <type>eighth</type>
    <time-modification>
     <actual-notes>3</actual-notes>
     <normal-notes>2</normal-notes>
     <normal-type>eighth</normal-type>
    </time-modification>
    <stem>up</stem>
    <staff>1</staff>
    <beam number="1">continue</beam>
   </note>
   <note color="#000000" default-x="110" default-y="-5">
    <pitch>
     <step>D</step>
     <octave>4</octave>
    </pitch>
    <duration>86</duration>
    <instrument id="P1-I1" />
    <voice>1</voice>
    <type>eighth</type>
    <time-modification>
     <actual-notes>3</actual-notes>
     <normal-notes>2</normal-notes>
     <normal-type>eighth</normal-type>
    </time-modification>
    <stem>up</stem>
    <staff>1</staff>
    <beam number="1">end</beam>
    <notations>
     <tuplet type="stop" bracket="no" number="1" default-y="-20" placement="above" />
    </notations>
   </note>
   <note color="#000000" default-x="135" default-y="4">
    <pitch>
     <step>A</step>
     <octave>4</octave>
    </pitch>
    <duration>128</duration>
    <instrument id="P1-I1" />
    <voice>1</voice>
    <type>eighth</type>
    <stem>up</stem>
    <staff>1</staff>
    <beam number="1">begin</beam>
   </note>
   <note color="#000000" default-x="165" default-y="4">
    <pitch>
     <step>D</step>
     <octave>4</octave>
    </pitch>
    <duration>128</duration>
    <instrument id="P1-I1" />
    <voice>1</voice>
    <type>eighth</type>
    <stem>up</stem>
    <staff>1</staff>
    <beam number="1">continue</beam>
   </note>
   <note color="#000000" default-x="195" default-y="4">
    <pitch>
     <step>F</step>
     <alter>1</alter>
     <octave>4</octave>
    </pitch>
    <duration>128</duration>
    <instrument id="P1-I1" />
    <voice>1</voice>
    <type>eighth</type>
    <stem>up</stem>
    <staff>1</staff>
    <beam number="1">continue</beam>
   </note>
   <note color="#000000" default-x="225" default-y="4">
    <pitch>
     <step>D</step>
     <octave>4</octave>
    </pitch>
    <duration>128</duration>
    <instrument id="P1-I1" />
    <voice>1</voice>
    <type>eighth</type>
    <stem>up</stem>
    <staff>1</staff>
    <beam number="1">end</beam>
   </note>
  </measure>
  <!--============== Part: P1, Measure: 3 ==============-->
  <measure number="3" width="260">
   <note color="#000000" default-x="20">
    <pitch>
     <step>E</step>
     <octave>4</octave>
    </pitch>
    <duration>128</duration>
    <instrument id="P1-I1" />
    <voice>1</voice>
    <type>eighth</type>
    <stem>up</stem>
    <staff>1</staff>
    <beam number="1">begin</beam>
   </note>
   <note color="#000000" default-x="50">
    <pitch>
     <step>D</step>
     <octave>4</octave>
    </pitch>
    <duration>128</duration>
    <instrument id="P1-I1" />
    <voice>1</voice>
    <type>eighth</type>
    <stem>up</stem>
    <staff>1</staff>
    <beam number="1">continue</beam>
   </note>
   <note color="#000000" default-x="80">
    <pitch>
     <step>E</step>
     <octave>4</octave>
    </pitch>
    <duration>128</duration>
    <instrument id="P1-I1" />
    <voice>1</voice>
    <type>eighth</type>
    <stem>up</stem>
    <staff>1</staff>
    <beam number="1">continue</beam>
   </note>
   <note color="#000000" default-x="110">
    <pitch>
     <step>F</step>
     <alter>1</alter>
     <octave>4</octave>
    </pitch>
    <duration>128</duration>
    <instrument id="P1-I1" />
    <voice>1</voice>
    <type>eighth</type>
    <stem>up</stem>
    <staff>1</staff>
    <beam number="1">end</beam>
   </note>
   <note color="#000000" default-x="140" default-y="12">
    <pitch>
     <step>G</step>
     <octave>4</octave>
    </pitch>
    <duration>128</duration>
    <instrument id="P1-I1" />
    <voice>1</voice>
    <type>eighth</type>
    <stem>up</stem>
    <staff>1</staff>
    <beam number="1">begin</beam>
   </note>
   <note color="#000000" default-x="170" default-y="12">
    <pitch>
     <step>A</step>
     <octave>4</octave>
    </pitch>
    <duration>128</duration>
    <instrument id="P1-I1" />
    <voice>1</voice>
    <type>eighth</type>
    <stem>up</stem>
    <staff>1</staff>
    <beam number="1">continue</beam>
   </note>
   <note color="#000000" default-x="200" default-y="12">
    <pitch>
     <step>B</step>
     <octave>4</octave>
    </pitch>
    <duration>128</duration>
    <instrument id="P1-I1" />
    <voice>1</voice>
    <type>eighth</type>
    <stem>up</stem>
    <staff>1</staff>
    <beam number="1">continue</beam>
   </note>
   <note color="#000000" default-x="230" default-y="12">
    <pitch>
     <step>C</step>
     <octave>5</octave>
    </pitch>
    <duration>128</duration>
    <instrument id="P1-I1" />
    <voice>1</voice>
    <type>eighth</type>
    <stem>up</stem>
    <staff>1</staff>
    <beam number="1">end</beam>
   </note>
  </measure>
  <!--============== Part: P1, Measure: 4 ==============-->
  <measure number="4" width="241">
   <note color="#000000" default-x="20" default-y="-54">
    <pitch>
     <step>D</step>
     <octave>5</octave>
    </pitch>
    <duration>128</duration>
    <instrument id="P1-I1" />
    <voice>1</voice>
    <type>eighth</type>
    <stem>down</stem>
    <staff>1</staff>
    <beam number="1">begin</beam>
   </note>
   <note color="#000000" default-x="50" default-y="-54">
    <pitch>
     <step>B</step>
     <octave>4</octave>
    </pitch>
    <duration>128</duration>
    <instrument id="P1-I1" />
    <voice>1</voice>
    <type>eighth</type>
    <stem>down</stem>
    <staff>1</staff>
    <beam number="1">continue</beam>
   </note>
   <note color="#000000" default-x="80" default-y="-54">
    <pitch>
     <step>A</step>
     <octave>4</octave>
    </pitch>
    <duration>128</duration>
    <instrument id="P1-I1" />
    <voice>1</voice>
    <type>eighth</type>
    <stem>down</stem>
    <staff>1</staff>
    <beam number="1">continue</beam>
   </note>
   <note color="#000000" default-x="110" default-y="-54">
    <pitch>
     <step>C</step>
     <octave>5</octave>
    </pitch>
    <duration>128</duration>
    <instrument id="P1-I1" />
    <voice>1</voice>
    <type>eighth</type>
    <stem>down</stem>
    <staff>1</staff>
    <beam number="1">end</beam>
   </note>
   <note color="#000000" default-x="140" default-y="12">
    <pitch>
     <step>B</step>
     <octave>4</octave>
    </pitch>
    <duration>128</duration>
    <instrument id="P1-I1" />
    <voice>1</voice>
    <type>eighth</type>
    <stem>up</stem>
    <staff>1</staff>
    <beam number="1">begin</beam>
    <notations>
     <slur color="#000000" type="start" orientation="under" />
    </notations>
   </note>
   <note color="#000000" default-x="170" default-y="12">
    <pitch>
     <step>E</step>
     <octave>4</octave>
    </pitch>
    <duration>128</duration>
    <instrument id="P1-I1" />
    <voice>1</voice>
    <type>eighth</type>
    <stem>up</stem>
    <staff>1</staff>
    <beam number="1">end</beam>
    <notations>
     <slur color="#000000" type="stop" orientation="under" />
    </notations>
   </note>
   <note color="#000000" default-x="200" default-y="-5">
    <pitch>
     <step>E</step>
     <octave>4</octave>
    </pitch>
    <duration>256</duration>
    <instrument id="P1-I1" />
    <voice>1</voice>
    <type>quarter</type>
    <stem>up</stem>
    <staff>1</staff>
   </note>
  </measure>
  <!--============== Part: P1, Measure: 5 ==============-->
  <measure number="5" width="316">
   <print new-system="yes">
    <system-layout>
     <system-margins>
      <left-margin>0</left-margin>
      <right-margin>0</right-margin>
     </system-margins>
     <system-distance>75</system-distance>
    </system-layout>
   </print>
   <attributes>
    <staff-details number="1" print-object="yes" />
   </attributes>
   <note color="#000000" default-x="75" default-y="9">
    <pitch>
     <step>E</step>
     <octave>4</octave>
    </pitch>
    <duration>128</duration>
    <instrument id="P1-I1" />
    <voice>1</voice>
    <type>eighth</type>
    <stem>up</stem>
    <staff>1</staff>
    <beam number="1">begin</beam>
   </note>
   <note color="#000000" default-x="105" default-y="9">
    <pitch>
     <step>F</step>
     <alter>1</alter>
     <octave>4</octave>
    </pitch>
    <duration>128</duration>
    <instrument id="P1-I1" />
    <voice>1</voice>
    <type>eighth</type>
    <stem>up</stem>
    <staff>1</staff>
    <beam number="1">continue</beam>
   </note>
   <note color="#000000" default-x="135" default-y="9">
    <pitch>
     <step>G</step>
     <octave>4</octave>
    </pitch>
    <duration>128</duration>
    <instrument id="P1-I1" />
    <voice>1</voice>
    <type>eighth</type>
    <stem>up</stem>
    <staff>1</staff>
    <beam number="1">continue</beam>
   </note>
   <note color="#000000" default-x="165" default-y="9">
    <pitch>
     <step>A</step>
     <octave>4</octave>
    </pitch>
    <duration>128</duration>
    <instrument id="P1-I1" />
    <voice>1</voice>
    <type>eighth</type>
    <stem>up</stem>
    <staff>1</staff>
    <beam number="1">end</beam>
   </note>
   <direction>
    <direction-type>
     <other-direction default-y="-54" print-object="no">Accent above</other-direction>
    </direction-type>
    <voice>1</voice>
    <staff>1</staff>
   </direction>
   <note color="#000000" default-x="195" default-y="12">
    <pitch>
     <step>B</step>
     <octave>4</octave>
    </pitch>
    <duration>128</duration>
    <instrument id="P1-I1" />
    <voice>1</voice>
    <type>eighth</type>
    <stem>up</stem>
    <staff>1</staff>
    <beam number="1">begin</beam>
   </note>
   <note color="#000000" default-x="226" default-y="12">
    <pitch>
     <step>G</step>
     <octave>4</octave>
    </pitch>
    <duration>128</duration>
    <instrument id="P1-I1" />
    <voice>1</voice>
    <type>eighth</type>
    <stem>up</stem>
    <staff>1</staff>
    <beam number="1">continue</beam>
   </note>
   <note color="#000000" default-x="256" default-y="12">
    <pitch>
     <step>F</step>
     <alter>1</alter>
     <octave>4</octave>
    </pitch>
    <duration>128</duration>
    <instrument id="P1-I1" />
    <voice>1</voice>
    <type>eighth</type>
    <stem>up</stem>
    <staff>1</staff>
    <beam number="1">continue</beam>
   </note>
   <note color="#000000" default-x="286" default-y="12">
    <pitch>
     <step>E</step>
     <octave>4</octave>
    </pitch>
    <duration>128</duration>
    <instrument id="P1-I1" />
    <voice>1</voice>
    <type>eighth</type>
    <stem>up</stem>
    <staff>1</staff>
    <beam number="1">end</beam>
   </note>
  </measure>
  <!--============== Part: P1, Measure: 6 ==============-->
  <measure number="6" width="256">
   <note color="#000000" default-x="20" default-y="-10">
    <pitch>
     <step>D</step>
     <octave>4</octave>
    </pitch>
    <duration>256</duration>
    <instrument id="P1-I1" />
    <voice>1</voice>
    <type>quarter</type>
    <stem>up</stem>
    <staff>1</staff>
   </note>
   <note color="#000000" default-x="61" default-y="-5">
    <pitch>
     <step>F</step>
     <alter>1</alter>
     <octave>4</octave>
    </pitch>
    <duration>85</duration>
    <instrument id="P1-I1" />
    <voice>1</voice>
    <type>eighth</type>
    <time-modification>
     <actual-notes>3</actual-notes>
     <normal-notes>2</normal-notes>
     <normal-type>eighth</normal-type>
    </time-modification>
    <stem>up</stem>
    <staff>1</staff>
    <beam number="1">begin</beam>
    <notations>
     <tuplet type="start" bracket="no" number="1" default-y="-20" placement="above" />
    </notations>
   </note>
   <note color="#000000" default-x="86" default-y="-5">
    <pitch>
     <step>E</step>
     <octave>4</octave>
    </pitch>
    <duration>85</duration>
    <instrument id="P1-I1" />
    <voice>1</voice>
    <type>eighth</type>
    <time-modification>
     <actual-notes>3</actual-notes>
     <normal-notes>2</normal-notes>
     <normal-type>eighth</normal-type>
    </time-modification>
    <stem>up</stem>
    <staff>1</staff>
    <beam number="1">continue</beam>
   </note>
   <note color="#000000" default-x="111" default-y="-5">
    <pitch>
     <step>D</step>
     <octave>4</octave>
    </pitch>
    <duration>86</duration>
    <instrument id="P1-I1" />
    <voice>1</voice>
    <type>eighth</type>
    <time-modification>
     <actual-notes>3</actual-notes>
     <normal-notes>2</normal-notes>
     <normal-type>eighth</normal-type>
    </time-modification>
    <stem>up</stem>
    <staff>1</staff>
    <beam number="1">end</beam>
    <notations>
     <tuplet type="stop" bracket="no" number="1" default-y="-20" placement="above" />
    </notations>
   </note>
   <note color="#000000" default-x="135" default-y="4">
    <pitch>
     <step>A</step>
     <octave>4</octave>
    </pitch>
    <duration>128</duration>
    <instrument id="P1-I1" />
    <voice>1</voice>
    <type>eighth</type>
    <stem>up</stem>
    <staff>1</staff>
    <beam number="1">begin</beam>
   </note>
   <note color="#000000" default-x="166" default-y="4">
    <pitch>
     <step>D</step>
     <octave>4</octave>
    </pitch>
    <duration>128</duration>
    <instrument id="P1-I1" />
    <voice>1</voice>
    <type>eighth</type>
    <stem>up</stem>
    <staff>1</staff>
    <beam number="1">continue</beam>
   </note>
   <note color="#000000" default-x="196" default-y="4">
    <pitch>
     <step>F</step>
     <alter>1</alter>
     <octave>4</octave>
    </pitch>
    <duration>128</duration>
    <instrument id="P1-I1" />
    <voice>1</voice>
    <type>eighth</type>
    <stem>up</stem>
    <staff>1</staff>
    <beam number="1">continue</beam>
   </note>
   <note color="#000000" default-x="226" default-y="4">
    <pitch>
     <step>D</step>
     <octave>4</octave>
    </pitch>
    <duration>128</duration>
    <instrument id="P1-I1" />
    <voice>1</voice>
    <type>eighth</type>
    <stem>up</stem>
    <staff>1</staff>
    <beam number="1">end</beam>
   </note>
  </measure>
  <!--============== Part: P1, Measure: 7 ==============-->
  <measure number="7" width="261">
   <note color="#000000" default-x="20" default-y="9">
    <pitch>
     <step>E</step>
     <octave>4</octave>
    </pitch>
    <duration>128</duration>
    <instrument id="P1-I1" />
    <voice>1</voice>
    <type>eighth</type>
    <stem>up</stem>
    <staff>1</staff>
    <beam number="1">begin</beam>
   </note>
   <note color="#000000" default-x="50" default-y="9">
    <pitch>
     <step>F</step>
     <alter>1</alter>
     <octave>4</octave>
    </pitch>
    <duration>128</duration>
    <instrument id="P1-I1" />
    <voice>1</voice>
    <type>eighth</type>
    <stem>up</stem>
    <staff>1</staff>
    <beam number="1">continue</beam>
   </note>
   <note color="#000000" default-x="80" default-y="9">
    <pitch>
     <step>G</step>
     <octave>4</octave>
    </pitch>
    <duration>128</duration>
    <instrument id="P1-I1" />
    <voice>1</voice>
    <type>eighth</type>
    <stem>up</stem>
    <staff>1</staff>
    <beam number="1">continue</beam>
   </note>
   <note color="#000000" default-x="110" default-y="9">
    <pitch>
     <step>A</step>
     <octave>4</octave>
    </pitch>
    <duration>128</duration>
    <instrument id="P1-I1" />
    <voice>1</voice>
    <type>eighth</type>
    <stem>up</stem>
    <staff>1</staff>
    <beam number="1">end</beam>
   </note>
   <note color="#000000" default-x="140" default-y="-54">
    <pitch>
     <step>B</step>
     <octave>4</octave>
    </pitch>
    <duration>128</duration>
    <instrument id="P1-I1" />
    <voice>1</voice>
    <type>eighth</type>
    <stem>down</stem>
    <staff>1</staff>
    <beam number="1">begin</beam>
   </note>
   <note color="#000000" default-x="171" default-y="-54">
    <pitch>
     <step>A</step>
     <octave>4</octave>
    </pitch>
    <duration>128</duration>
    <instrument id="P1-I1" />
    <voice>1</voice>
    <type>eighth</type>
    <stem>down</stem>
    <staff>1</staff>
    <beam number="1">continue</beam>
   </note>
   <note color="#000000" default-x="201" default-y="-54">
    <pitch>
     <step>B</step>
     <octave>4</octave>
    </pitch>
    <duration>128</duration>
    <instrument id="P1-I1" />
    <voice>1</voice>
    <type>eighth</type>
    <stem>down</stem>
    <staff>1</staff>
    <beam number="1">continue</beam>
   </note>
   <note color="#000000" default-x="231" default-y="-54">
    <pitch>
     <step>C</step>
     <alter>1</alter>
     <octave>5</octave>
    </pitch>
    <duration>128</duration>
    <instrument id="P1-I1" />
    <voice>1</voice>
    <type>eighth</type>
    <accidental>sharp</accidental>
    <stem>down</stem>
    <staff>1</staff>
    <beam number="1">end</beam>
   </note>
  </measure>
  <!--============== Part: P1, Measure: 8 ==============-->
  <measure number="8" width="255">
   <note color="#000000" default-x="20" default-y="-54">
    <pitch>
     <step>D</step>
     <octave>5</octave>
    </pitch>
    <duration>128</duration>
    <instrument id="P1-I1" />
    <voice>1</voice>
    <type>eighth</type>
    <stem>down</stem>
    <staff>1</staff>
    <beam number="1">begin</beam>
   </note>
   <note color="#000000" default-x="50" default-y="-54">
    <pitch>
     <step>B</step>
     <octave>4</octave>
    </pitch>
    <duration>128</duration>
    <instrument id="P1-I1" />
    <voice>1</voice>
    <type>eighth</type>
    <stem>down</stem>
    <staff>1</staff>
    <beam number="1">continue</beam>
   </note>
   <note color="#000000" default-x="80" default-y="-54">
    <pitch>
     <step>A</step>
     <octave>4</octave>
    </pitch>
    <duration>128</duration>
    <instrument id="P1-I1" />
    <voice>1</voice>
    <type>eighth</type>
    <stem>down</stem>
    <staff>1</staff>
    <beam number="1">continue</beam>
   </note>
   <note color="#000000" default-x="110" default-y="-54">
    <pitch>
     <step>C</step>
     <octave>5</octave>
    </pitch>
    <duration>128</duration>
    <instrument id="P1-I1" />
    <voice>1</voice>
    <type>eighth</type>
    <stem>down</stem>
    <staff>1</staff>
    <beam number="1">end</beam>
   </note>
   <note color="#000000" default-x="141" default-y="12">
    <pitch>
     <step>B</step>
     <octave>4</octave>
    </pitch>
    <duration>128</duration>
    <instrument id="P1-I1" />
    <voice>1</voice>
    <type>eighth</type>
    <stem>up</stem>
    <staff>1</staff>
    <beam number="1">begin</beam>
    <notations>
     <slur color="#000000" type="start" orientation="under" />
    </notations>
   </note>
   <note color="#000000" default-x="171" default-y="12">
    <pitch>
     <step>E</step>
     <octave>4</octave>
    </pitch>
    <duration>128</duration>
    <instrument id="P1-I1" />
    <voice>1</voice>
    <type>eighth</type>
    <stem>up</stem>
    <staff>1</staff>
    <beam number="1">end</beam>
    <notations>
     <slur color="#000000" type="stop" orientation="under" />
    </notations>
   </note>
   <note color="#000000" default-x="201" default-y="-5">
    <pitch>
     <step>E</step>
     <octave>4</octave>
    </pitch>
    <duration>256</duration>
    <instrument id="P1-I1" />
    <voice>1</voice>
    <type>quarter</type>
    <stem>up</stem>
    <staff>1</staff>
   </note>
   <barline>
    <bar-style>light-light</bar-style>
   </barline>
  </measure>
  <!--============== Part: P1, Measure: 9 ==============-->
  <measure number="9" width="284">
   <print new-system="yes">
    <system-layout>
     <system-margins>
      <left-margin>0</left-margin>
      <right-margin>0</right-margin>
     </system-margins>
     <system-distance>75</system-distance>
    </system-layout>
   </print>
   <attributes>
    <staff-details number="1" print-object="yes" />
   </attributes>
   <note color="#000000" default-x="75" default-y="-30">
    <pitch>
     <step>G</step>
     <octave>5</octave>
    </pitch>
    <duration>256</duration>
    <instrument id="P1-I1" />
    <voice>1</voice>
    <type>quarter</type>
    <stem>down</stem>
    <staff>1</staff>
   </note>
   <note color="#000000" default-x="117" default-y="-34">
    <pitch>
     <step>E</step>
     <octave>5</octave>
    </pitch>
    <duration>128</duration>
    <instrument id="P1-I1" />
    <voice>1</voice>
    <type>eighth</type>
    <stem>down</stem>
    <staff>1</staff>
    <beam number="1">begin</beam>
   </note>
   <note color="#000000" default-x="148" default-y="-34">
    <pitch>
     <step>F</step>
     <alter>1</alter>
     <octave>5</octave>
    </pitch>
    <duration>128</duration>
    <instrument id="P1-I1" />
    <voice>1</voice>
    <type>eighth</type>
    <stem>down</stem>
    <staff>1</staff>
    <beam number="1">end</beam>
   </note>
   <note color="#000000" default-x="179" default-y="-30">
    <pitch>
     <step>G</step>
     <octave>5</octave>
    </pitch>
    <duration>256</duration>
    <instrument id="P1-I1" />
    <voice>1</voice>
    <type>quarter</type>
    <stem>down</stem>
    <staff>1</staff>
   </note>
   <note color="#000000" default-x="222" default-y="-34">
    <pitch>
     <step>E</step>
     <octave>5</octave>
    </pitch>
    <duration>128</duration>
    <instrument id="P1-I1" />
    <voice>1</voice>
    <type>eighth</type>
    <stem>down</stem>
    <staff>1</staff>
    <beam number="1">begin</beam>
   </note>
   <note color="#000000" default-x="253" default-y="-34">
    <pitch>
     <step>G</step>
     <octave>5</octave>
    </pitch>
    <duration>128</duration>
    <instrument id="P1-I1" />
    <voice>1</voice>
    <type>eighth</type>
    <stem>down</stem>
    <staff>1</staff>
    <beam number="1">end</beam>
   </note>
  </measure>
  <!--============== Part: P1, Measure: 10 ==============-->
  <measure number="10" width="310">
   <note color="#000000" default-x="20" default-y="-39">
    <pitch>
     <step>F</step>
     <alter>1</alter>
     <octave>5</octave>
    </pitch>
    <duration>128</duration>
    <instrument id="P1-I1" />
    <voice>1</voice>
    <type>eighth</type>
    <stem>down</stem>
    <staff>1</staff>
    <beam number="1">begin</beam>
   </note>
   <note color="#000000" default-x="50" default-y="-39">
    <pitch>
     <step>D</step>
     <octave>5</octave>
    </pitch>
    <duration>128</duration>
    <instrument id="P1-I1" />
    <voice>1</voice>
    <type>eighth</type>
    <stem>down</stem>
    <staff>1</staff>
    <beam number="1">end</beam>
   </note>
   <note color="#000000" default-x="71" default-y="15">
    <grace />
    <pitch>
     <step>E</step>
     <octave>5</octave>
    </pitch>
    <instrument id="P1-I1" />
    <voice>1</voice>
    <type>16th</type>
    <stem>up</stem>
    <staff>1</staff>
   </note>
   <note color="#000000" default-x="89" default-y="-49">
    <pitch>
     <step>D</step>
     <octave>5</octave>
    </pitch>
    <duration>85</duration>
    <instrument id="P1-I1" />
    <voice>1</voice>
    <type>eighth</type>
    <time-modification>
     <actual-notes>3</actual-notes>
     <normal-notes>2</normal-notes>
     <normal-type>eighth</normal-type>
    </time-modification>
    <stem>down</stem>
    <staff>1</staff>
    <beam number="1">begin</beam>
    <notations>
     <tuplet type="start" bracket="no" number="1" default-y="-20" placement="below" />
    </notations>
   </note>
   <note color="#000000" default-x="115" default-y="-49">
    <pitch>
     <step>C</step>
     <octave>5</octave>
    </pitch>
    <duration>85</duration>
    <instrument id="P1-I1" />
    <voice>1</voice>
    <type>eighth</type>
    <time-modification>
     <actual-notes>3</actual-notes>
     <normal-notes>2</normal-notes>
     <normal-type>eighth</normal-type>
    </time-modification>
    <stem>down</stem>
    <staff>1</staff>
    <beam number="1">continue</beam>
   </note>
   <note color="#000000" default-x="140" default-y="-49">
    <pitch>
     <step>D</step>
     <octave>5</octave>
    </pitch>
    <duration>86</duration>
    <instrument id="P1-I1" />
    <voice>1</voice>
    <type>eighth</type>
    <time-modification>
     <actual-notes>3</actual-notes>
     <normal-notes>2</normal-notes>
     <normal-type>eighth</normal-type>
    </time-modification>
    <stem>down</stem>
    <staff>1</staff>
    <beam number="1">end</beam>
    <notations>
     <tuplet type="stop" bracket="no" number="1" default-y="-20" placement="below" />
    </notations>
   </note>
   <note color="#000000" default-x="165" default-y="-39">
    <pitch>
     <step>F</step>
     <alter>1</alter>
     <octave>5</octave>
    </pitch>
    <duration>128</duration>
    <instrument id="P1-I1" />
    <voice>1</voice>
    <type>eighth</type>
    <stem>down</stem>
    <staff>1</staff>
    <beam number="1">begin</beam>
   </note>
   <note color="#000000" default-x="196" default-y="-39">
    <pitch>
     <step>D</step>
     <octave>5</octave>
    </pitch>
    <duration>128</duration>
    <instrument id="P1-I1" />
    <voice>1</voice>
    <type>eighth</type>
    <stem>down</stem>
    <staff>1</staff>
    <beam number="1">end</beam>
   </note>
   <note color="#000000" default-x="217" default-y="15">
    <grace />
    <pitch>
     <step>E</step>
     <octave>5</octave>
    </pitch>
    <instrument id="P1-I1" />
    <voice>1</voice>
    <type>16th</type>
    <stem>up</stem>
    <staff>1</staff>
   </note>
   <note color="#000000" default-x="235" default-y="-49">
    <pitch>
     <step>D</step>
     <octave>5</octave>
    </pitch>
    <duration>85</duration>
    <instrument id="P1-I1" />
    <voice>1</voice>
    <type>eighth</type>
    <time-modification>
     <actual-notes>3</actual-notes>
     <normal-notes>2</normal-notes>
     <normal-type>eighth</normal-type>
    </time-modification>
    <stem>down</stem>
    <staff>1</staff>
    <beam number="1">begin</beam>
    <notations>
     <tuplet type="start" bracket="no" number="1" default-y="-20" placement="below" />
    </notations>
   </note>
   <note color="#000000" default-x="260" default-y="-49">
    <pitch>
     <step>C</step>
     <octave>5</octave>
    </pitch>
    <duration>85</duration>
    <instrument id="P1-I1" />
    <voice>1</voice>
    <type>eighth</type>
    <time-modification>
     <actual-notes>3</actual-notes>
     <normal-notes>2</normal-notes>
     <normal-type>eighth</normal-type>
    </time-modification>
    <stem>down</stem>
    <staff>1</staff>
    <beam number="1">continue</beam>
   </note>
   <note color="#000000" default-x="285" default-y="-49">
    <pitch>
     <step>D</step>
     <octave>5</octave>
    </pitch>
    <duration>86</duration>
    <instrument id="P1-I1" />
    <voice>1</voice>
    <type>eighth</type>
    <time-modification>
     <actual-notes>3</actual-notes>
     <normal-notes>2</normal-notes>
     <normal-type>eighth</normal-type>
    </time-modification>
    <stem>down</stem>
    <staff>1</staff>
    <beam number="1">end</beam>
    <notations>
     <tuplet type="stop" bracket="no" number="1" default-y="-20" placement="below" />
    </notations>
   </note>
  </measure>
  <!--============== Part: P1, Measure: 11 ==============-->
  <measure number="11" width="248">
   <note color="#000000" default-x="20" default-y="-30">
    <pitch>
     <step>G</step>
     <octave>5</octave>
    </pitch>
    <duration>256</duration>
    <instrument id="P1-I1" />
    <voice>1</voice>
    <type>quarter</type>
    <stem>down</stem>
    <staff>1</staff>
   </note>
   <note color="#000000" default-x="62" default-y="-34">
    <pitch>
     <step>E</step>
     <octave>5</octave>
    </pitch>
    <duration>128</duration>
    <instrument id="P1-I1" />
    <voice>1</voice>
    <type>eighth</type>
    <stem>down</stem>
    <staff>1</staff>
    <beam number="1">begin</beam>
    <notations>
     <slur color="#000000" type="start" orientation="over" />
    </notations>
   </note>
   <note color="#000000" default-x="93" default-y="-34">
    <pitch>
     <step>F</step>
     <alter>1</alter>
     <octave>5</octave>
    </pitch>
    <duration>128</duration>
    <instrument id="P1-I1" />
    <voice>1</voice>
    <type>eighth</type>
    <stem>down</stem>
    <staff>1</staff>
    <beam number="1">end</beam>
    <notations>
     <slur color="#000000" type="stop" orientation="over" />
    </notations>
   </note>
   <note color="#000000" default-x="124" default-y="-39">
    <pitch>
     <step>G</step>
     <octave>5</octave>
    </pitch>
    <duration>128</duration>
    <instrument id="P1-I1" />
    <voice>1</voice>
    <type>eighth</type>
    <stem>down</stem>
    <staff>1</staff>
    <beam number="1">begin</beam>
   </note>
   <note color="#000000" default-x="155" default-y="-39">
    <pitch>
     <step>F</step>
     <alter>1</alter>
     <octave>5</octave>
    </pitch>
    <duration>128</duration>
    <instrument id="P1-I1" />
    <voice>1</voice>
    <type>eighth</type>
    <stem>down</stem>
    <staff>1</staff>
    <beam number="1">continue</beam>
   </note>
   <note color="#000000" default-x="186" default-y="-39">
    <pitch>
     <step>E</step>
     <octave>5</octave>
    </pitch>
    <duration>128</duration>
    <instrument id="P1-I1" />
    <voice>1</voice>
    <type>eighth</type>
    <stem>down</stem>
    <staff>1</staff>
    <beam number="1">continue</beam>
   </note>
   <note color="#000000" default-x="217" default-y="-39">
    <pitch>
     <step>D</step>
     <octave>5</octave>
    </pitch>
    <duration>128</duration>
    <instrument id="P1-I1" />
    <voice>1</voice>
    <type>eighth</type>
    <stem>down</stem>
    <staff>1</staff>
    <beam number="1">end</beam>
   </note>
  </measure>
  <!--============== Part: P1, Measure: 12 ==============-->
  <measure number="12" width="248">
   <note color="#000000" default-x="20" default-y="-54">
    <pitch>
     <step>B</step>
     <octave>4</octave>
    </pitch>
    <duration>128</duration>
    <instrument id="P1-I1" />
    <voice>1</voice>
    <type>eighth</type>
    <stem>down</stem>
    <staff>1</staff>
    <beam number="1">begin</beam>
   </note>
   <note color="#000000" default-x="50" default-y="-54">
    <pitch>
     <step>D</step>
     <octave>5</octave>
    </pitch>
    <duration>128</duration>
    <instrument id="P1-I1" />
    <voice>1</voice>
    <type>eighth</type>
    <stem>down</stem>
    <staff>1</staff>
    <beam number="1">continue</beam>
   </note>
   <note color="#000000" default-x="81" default-y="-54">
    <pitch>
     <step>A</step>
     <octave>4</octave>
    </pitch>
    <duration>128</duration>
    <instrument id="P1-I1" />
    <voice>1</voice>
    <type>eighth</type>
    <stem>down</stem>
    <staff>1</staff>
    <beam number="1">continue</beam>
   </note>
   <note color="#000000" default-x="112" default-y="-54">
    <pitch>
     <step>C</step>
     <octave>5</octave>
    </pitch>
    <duration>128</duration>
    <instrument id="P1-I1" />
    <voice>1</voice>
    <type>eighth</type>
    <stem>down</stem>
    <staff>1</staff>
    <beam number="1">end</beam>
   </note>
   <note color="#000000" default-x="143" default-y="12">
    <pitch>
     <step>B</step>
     <octave>4</octave>
    </pitch>
    <duration>128</duration>
    <instrument id="P1-I1" />
    <voice>1</voice>
    <type>eighth</type>
    <stem>up</stem>
    <staff>1</staff>
    <beam number="1">begin</beam>
    <notations>
     <slur color="#000000" type="start" orientation="under" />
    </notations>
   </note>
   <note color="#000000" default-x="174" default-y="12">
    <pitch>
     <step>E</step>
     <octave>4</octave>
    </pitch>
    <duration>128</duration>
    <instrument id="P1-I1" />
    <voice>1</voice>
    <type>eighth</type>
    <stem>up</stem>
    <staff>1</staff>
    <beam number="1">end</beam>
    <notations>
     <slur color="#000000" type="stop" orientation="under" />
    </notations>
   </note>
   <note color="#000000" default-x="205" default-y="-5">
    <pitch>
     <step>E</step>
     <octave>4</octave>
    </pitch>
    <duration>256</duration>
    <instrument id="P1-I1" />
    <voice>1</voice>
    <type>quarter</type>
    <stem>up</stem>
    <staff>1</staff>
   </note>
  </measure>
  <!--============== Part: P1, Measure: 13 ==============-->
  <measure number="13" width="292">
   <print new-system="yes">
    <system-layout>
     <system-margins>
      <left-margin>0</left-margin>
      <right-margin>0</right-margin>
     </system-margins>
     <system-distance>75</system-distance>
    </system-layout>
   </print>
   <attributes>
    <staff-details number="1" print-object="yes" />
   </attributes>
   <note color="#000000" default-x="75" default-y="-30">
    <pitch>
     <step>G</step>
     <octave>5</octave>
    </pitch>
    <duration>256</duration>
    <instrument id="P1-I1" />
    <voice>1</voice>
    <type>quarter</type>
    <stem>down</stem>
    <staff>1</staff>
   </note>
   <note color="#000000" default-x="115" default-y="-34">
    <pitch>
     <step>E</step>
     <octave>5</octave>
    </pitch>
    <duration>128</duration>
    <instrument id="P1-I1" />
    <voice>1</voice>
    <type>eighth</type>
    <stem>down</stem>
    <staff>1</staff>
    <beam number="1">begin</beam>
   </note>
   <note color="#000000" default-x="145" default-y="-34">
    <pitch>
     <step>F</step>
     <alter>1</alter>
     <octave>5</octave>
    </pitch>
    <duration>128</duration>
    <instrument id="P1-I1" />
    <voice>1</voice>
    <type>eighth</type>
    <stem>down</stem>
    <staff>1</staff>
    <beam number="1">end</beam>
   </note>
   <note color="#000000" default-x="174" default-y="-39">
    <pitch>
     <step>G</step>
     <octave>5</octave>
    </pitch>
    <duration>128</duration>
    <instrument id="P1-I1" />
    <voice>1</voice>
    <type>eighth</type>
    <stem>down</stem>
    <staff>1</staff>
    <beam number="1">begin</beam>
   </note>
   <note color="#000000" default-x="204" default-y="-39">
    <pitch>
     <step>F</step>
     <alter>1</alter>
     <octave>5</octave>
    </pitch>
    <duration>128</duration>
    <instrument id="P1-I1" />
    <voice>1</voice>
    <type>eighth</type>
    <stem>down</stem>
    <staff>1</staff>
    <beam number="1">continue</beam>
   </note>
   <note color="#000000" default-x="233" default-y="-39">
    <pitch>
     <step>E</step>
     <octave>5</octave>
    </pitch>
    <duration>128</duration>
    <instrument id="P1-I1" />
    <voice>1</voice>
    <type>eighth</type>
    <stem>down</stem>
    <staff>1</staff>
    <beam number="1">continue</beam>
   </note>
   <note color="#000000" default-x="262" default-y="-39">
    <pitch>
     <step>G</step>
     <octave>5</octave>
    </pitch>
    <duration>128</duration>
    <instrument id="P1-I1" />
    <voice>1</voice>
    <type>eighth</type>
    <stem>down</stem>
    <staff>1</staff>
    <beam number="1">end</beam>
   </note>
  </measure>
  <!--============== Part: P1, Measure: 14 ==============-->
  <measure number="14" width="277">
   <note color="#000000" default-x="20" default-y="-39">
    <pitch>
     <step>F</step>
     <alter>1</alter>
     <octave>5</octave>
    </pitch>
    <duration>128</duration>
    <instrument id="P1-I1" />
    <voice>1</voice>
    <type>eighth</type>
    <stem>down</stem>
    <staff>1</staff>
    <beam number="1">begin</beam>
   </note>
   <note color="#000000" default-x="49" default-y="-39">
    <pitch>
     <step>D</step>
     <octave>5</octave>
    </pitch>
    <duration>128</duration>
    <instrument id="P1-I1" />
    <voice>1</voice>
    <type>eighth</type>
    <stem>down</stem>
    <staff>1</staff>
    <beam number="1">end</beam>
   </note>
   <note color="#000000" default-x="70" default-y="15">
    <grace />
    <pitch>
     <step>E</step>
     <octave>5</octave>
    </pitch>
    <instrument id="P1-I1" />
    <voice>1</voice>
    <type>16th</type>
    <stem>up</stem>
    <staff>1</staff>
   </note>
   <note color="#000000" default-x="88" default-y="-49">
    <pitch>
     <step>D</step>
     <octave>5</octave>
    </pitch>
    <duration>85</duration>
    <instrument id="P1-I1" />
    <voice>1</voice>
    <type>eighth</type>
    <time-modification>
     <actual-notes>3</actual-notes>
     <normal-notes>2</normal-notes>
     <normal-type>eighth</normal-type>
    </time-modification>
    <stem>down</stem>
    <staff>1</staff>
    <beam number="1">begin</beam>
    <notations>
     <tuplet type="start" bracket="no" number="1" default-y="-20" placement="below" />
    </notations>
   </note>
   <note color="#000000" default-x="112" default-y="-49">
    <pitch>
     <step>C</step>
     <octave>5</octave>
    </pitch>
    <duration>85</duration>
    <instrument id="P1-I1" />
    <voice>1</voice>
    <type>eighth</type>
    <time-modification>
     <actual-notes>3</actual-notes>
     <normal-notes>2</normal-notes>
     <normal-type>eighth</normal-type>
    </time-modification>
    <stem>down</stem>
    <staff>1</staff>
    <beam number="1">continue</beam>
   </note>
   <note color="#000000" default-x="136" default-y="-49">
    <pitch>
     <step>D</step>
     <octave>5</octave>
    </pitch>
    <duration>86</duration>
    <instrument id="P1-I1" />
    <voice>1</voice>
    <type>eighth</type>
    <time-modification>
     <actual-notes>3</actual-notes>
     <normal-notes>2</normal-notes>
     <normal-type>eighth</normal-type>
    </time-modification>
    <stem>down</stem>
    <staff>1</staff>
    <beam number="1">end</beam>
    <notations>
     <tuplet type="stop" bracket="no" number="1" default-y="-20" placement="below" />
    </notations>
   </note>
   <note color="#000000" default-x="160" default-y="-49">
    <pitch>
     <step>F</step>
     <alter>1</alter>
     <octave>5</octave>
    </pitch>
    <duration>128</duration>
    <instrument id="P1-I1" />
    <voice>1</voice>
    <type>eighth</type>
    <stem>down</stem>
    <staff>1</staff>
    <beam number="1">begin</beam>
   </note>
   <note color="#000000" default-x="189" default-y="-49">
    <pitch>
     <step>D</step>
     <octave>5</octave>
    </pitch>
    <duration>128</duration>
    <instrument id="P1-I1" />
    <voice>1</voice>
    <type>eighth</type>
    <stem>down</stem>
    <staff>1</staff>
    <beam number="1">continue</beam>
   </note>
   <note color="#000000" default-x="219" default-y="-49">
    <pitch>
     <step>C</step>
     <alter>1</alter>
     <octave>5</octave>
    </pitch>
    <duration>128</duration>
    <instrument id="P1-I1" />
    <voice>1</voice>
    <type>eighth</type>
    <accidental>sharp</accidental>
    <stem>down</stem>
    <staff>1</staff>
    <beam number="1">continue</beam>
   </note>
   <note color="#000000" default-x="248" default-y="-49">
    <pitch>
     <step>D</step>
     <octave>5</octave>
    </pitch>
    <duration>128</duration>
    <instrument id="P1-I1" />
    <voice>1</voice>
    <type>eighth</type>
    <stem>down</stem>
    <staff>1</staff>
    <beam number="1">end</beam>
   </note>
  </measure>
  <!--============== Part: P1, Measure: 15 ==============-->
  <measure number="15" width="268">
   <note color="#000000" default-x="20" default-y="-39">
    <pitch>
     <step>E</step>
     <octave>5</octave>
    </pitch>
    <duration>128</duration>
    <instrument id="P1-I1" />
    <voice>1</voice>
    <type>eighth</type>
    <stem>down</stem>
    <staff>1</staff>
    <beam number="1">begin</beam>
    <notations>
     <slur color="#000000" type="start" orientation="over" />
    </notations>
   </note>
   <note color="#000000" default-x="49" default-y="-39">
    <pitch>
     <step>F</step>
     <alter>1</alter>
     <octave>5</octave>
    </pitch>
    <duration>128</duration>
    <instrument id="P1-I1" />
    <voice>1</voice>
    <type>eighth</type>
    <stem>down</stem>
    <staff>1</staff>
    <beam number="1">continue</beam>
    <notations>
     <slur color="#000000" type="stop" orientation="over" />
    </notations>
   </note>
   <note color="#000000" default-x="78" default-y="-39">
    <pitch>
     <step>G</step>
     <octave>5</octave>
    </pitch>
    <duration>128</duration>
    <instrument id="P1-I1" />
    <voice>1</voice>
    <type>eighth</type>
    <stem>down</stem>
    <staff>1</staff>
    <beam number="1">continue</beam>
   </note>
   <note color="#000000" default-x="108" default-y="-39">
    <pitch>
     <step>E</step>
     <octave>5</octave>
    </pitch>
    <duration>128</duration>
    <instrument id="P1-I1" />
    <voice>1</voice>
    <type>eighth</type>
    <stem>down</stem>
    <staff>1</staff>
    <beam number="1">end</beam>
   </note>
   <note color="#000000" default-x="137" default-y="-29">
    <pitch>
     <step>A</step>
     <octave>5</octave>
    </pitch>
    <duration>128</duration>
    <instrument id="P1-I1" />
    <voice>1</voice>
    <type>eighth</type>
    <stem>down</stem>
    <staff>1</staff>
    <beam number="1">begin</beam>
   </note>
   <note color="#000000" default-x="167" default-y="-29">
    <pitch>
     <step>F</step>
     <alter>1</alter>
     <octave>5</octave>
    </pitch>
    <duration>128</duration>
    <instrument id="P1-I1" />
    <voice>1</voice>
    <type>eighth</type>
    <stem>down</stem>
    <staff>1</staff>
    <beam number="1">end</beam>
   </note>
   <note color="#000000" default-x="196" default-y="-39">
    <pitch>
     <step>G</step>
     <octave>5</octave>
    </pitch>
    <duration>85</duration>
    <instrument id="P1-I1" />
    <voice>1</voice>
    <type>eighth</type>
    <time-modification>
     <actual-notes>3</actual-notes>
     <normal-notes>2</normal-notes>
     <normal-type>eighth</normal-type>
    </time-modification>
    <stem>down</stem>
    <staff>1</staff>
    <beam number="1">begin</beam>
    <notations>
     <tuplet type="start" bracket="no" number="1" default-y="-20" placement="below" />
    </notations>
   </note>
   <note color="#000000" default-x="220" default-y="-39">
    <pitch>
     <step>F</step>
     <alter>1</alter>
     <octave>5</octave>
    </pitch>
    <duration>85</duration>
    <instrument id="P1-I1" />
    <voice>1</voice>
    <type>eighth</type>
    <time-modification>
     <actual-notes>3</actual-notes>
     <normal-notes>2</normal-notes>
     <normal-type>eighth</normal-type>
    </time-modification>
    <stem>down</stem>
    <staff>1</staff>
    <beam number="1">continue</beam>
   </note>
   <note color="#000000" default-x="244" default-y="-39">
    <pitch>
     <step>E</step>
     <octave>5</octave>
    </pitch>
    <duration>86</duration>
    <instrument id="P1-I1" />
    <voice>1</voice>
    <type>eighth</type>
    <time-modification>
     <actual-notes>3</actual-notes>
     <normal-notes>2</normal-notes>
     <normal-type>eighth</normal-type>
    </time-modification>
    <stem>down</stem>
    <staff>1</staff>
    <beam number="1">end</beam>
    <notations>
     <tuplet type="stop" bracket="no" number="1" default-y="-20" placement="below" />
    </notations>
   </note>
  </measure>
  <!--============== Part: P1, Measure: 16 ==============-->
  <measure number="16" width="252">
   <note color="#000000" default-x="20" default-y="-54">
    <pitch>
     <step>D</step>
     <octave>5</octave>
    </pitch>
    <duration>128</duration>
    <instrument id="P1-I1" />
    <voice>1</voice>
    <type>eighth</type>
    <stem>down</stem>
    <staff>1</staff>
    <beam number="1">begin</beam>
   </note>
   <note color="#000000" default-x="49" default-y="-54">
    <pitch>
     <step>B</step>
     <octave>4</octave>
    </pitch>
    <duration>128</duration>
    <instrument id="P1-I1" />
    <voice>1</voice>
    <type>eighth</type>
    <stem>down</stem>
    <staff>1</staff>
    <beam number="1">continue</beam>
   </note>
   <note color="#000000" default-x="78" default-y="-54">
    <pitch>
     <step>A</step>
     <octave>4</octave>
    </pitch>
    <duration>128</duration>
    <instrument id="P1-I1" />
    <voice>1</voice>
    <type>eighth</type>
    <stem>down</stem>
    <staff>1</staff>
    <beam number="1">continue</beam>
   </note>
   <note color="#000000" default-x="108" default-y="-54">
    <pitch>
     <step>C</step>
     <octave>5</octave>
    </pitch>
    <duration>128</duration>
    <instrument id="P1-I1" />
    <voice>1</voice>
    <type>eighth</type>
    <stem>down</stem>
    <staff>1</staff>
    <beam number="1">end</beam>
   </note>
   <note color="#000000" default-x="137" default-y="12">
    <pitch>
     <step>B</step>
     <octave>4</octave>
    </pitch>
    <duration>128</duration>
    <instrument id="P1-I1" />
    <voice>1</voice>
    <type>eighth</type>
    <stem>up</stem>
    <staff>1</staff>
    <beam number="1">begin</beam>
    <notations>
     <slur color="#000000" type="start" orientation="under" />
    </notations>
   </note>
   <note color="#000000" default-x="167" default-y="12">
    <pitch>
     <step>E</step>
     <octave>4</octave>
    </pitch>
    <duration>128</duration>
    <instrument id="P1-I1" />
    <voice>1</voice>
    <type>eighth</type>
    <stem>up</stem>
    <staff>1</staff>
    <beam number="1">end</beam>
    <notations>
     <slur color="#000000" type="stop" orientation="under" />
    </notations>
   </note>
   <note color="#000000" default-x="196" default-y="-5">
    <pitch>
     <step>E</step>
     <octave>4</octave>
    </pitch>
    <duration>256</duration>
    <instrument id="P1-I1" />
    <voice>1</voice>
    <type>quarter</type>
    <stem>up</stem>
    <staff>1</staff>
   </note>
   <barline>
    <bar-style>light-heavy</bar-style>
   </barline>
  </measure>
 </part>
</score-partwise>
