<?xml version="1.0" encoding='UTF-8' standalone='no' ?>
<!DOCTYPE score-partwise PUBLIC "-//Recordare//DTD MusicXML 3.0 Partwise//EN" "http://www.musicxml.org/dtds/partwise.dtd">
<score-partwise version="3.0">
 <work>
  <work-title>Siubhán Nig Uidhir</work-title>
 </work>
 <identification>
  <creator type="composer">Sung by Miss Bridget Forde, Sylane, Tuam</creator>
  <encoding>
   <encoding-date>2015-06-03</encoding-date>
   <encoder>ITMA user</encoder>
   <software>Sibelius 7.1.3</software>
   <software>Direct export, not from Dolet</software>
   <encoding-description>Sibelius / MusicXML 3.0</encoding-description>
   <supports element="print" type="yes" value="yes" attribute="new-system" />
   <supports element="print" type="yes" value="yes" attribute="new-page" />
   <supports element="accidental" type="yes" />
   <supports element="beam" type="yes" />
   <supports element="stem" type="yes" />
  </encoding>
 </identification>
 <defaults>
  <scaling>
   <millimeters>210</millimeters>
   <tenths>1272</tenths>
  </scaling>
  <page-layout>
   <page-height>842</page-height>
   <page-width>1272</page-width>
   <page-margins type="both">
    <left-margin>90</left-margin>
    <right-margin>90</right-margin>
    <top-margin>90</top-margin>
    <bottom-margin>90</bottom-margin>
   </page-margins>
  </page-layout>
  <system-layout>
   <system-distance>75</system-distance>
  </system-layout>
  <appearance>
   <line-width type="stem">0.9375</line-width>
   <line-width type="beam">5</line-width>
   <line-width type="staff">0.9375</line-width>
   <line-width type="light barline">1.5625</line-width>
   <line-width type="heavy barline">5</line-width>
   <line-width type="leger">1.5625</line-width>
   <line-width type="ending">1.5625</line-width>
   <line-width type="wedge">1.25</line-width>
   <line-width type="enclosure">0.9375</line-width>
   <line-width type="tuplet bracket">1.25</line-width>
   <line-width type="bracket">5</line-width>
   <line-width type="dashes">1.5625</line-width>
   <line-width type="extend">0.9375</line-width>
   <line-width type="octave shift">1.5625</line-width>
   <line-width type="pedal">1.5625</line-width>
   <line-width type="slur middle">1.5625</line-width>
   <line-width type="slur tip">0.625</line-width>
   <line-width type="tie middle">1.5625</line-width>
   <line-width type="tie tip">0.625</line-width>
   <note-size type="cue">75</note-size>
   <note-size type="grace">60</note-size>
  </appearance>
  <music-font font-family="Opus Std" font-size="18.7087" />
  <lyric-font font-family="Times New Roman" font-size="10.8159" />
  <lyric-language xml:lang="en" />
 </defaults>
 <credit page="1">
  <credit-words default-x="1181" default-y="30" font-family="Times New Roman" font-style="normal" font-size="10.3775" font-weight="normal" justify="right" valign="middle">Sung by Miss Bridget Forde, Sylane, Tuam</credit-words>
 </credit>
 <credit page="1">
  <credit-words default-x="112" default-y="103" font-family="Times New Roman" font-style="normal" font-size="10.9621" font-weight="normal" justify="left" valign="middle">Costello, Eileen / Mhic Choisdealbha, Eibhlín Bean, ed., Amhráin Mhuighe Seóla, Dublin, 1923, p. 124</credit-words>
 </credit>
 <credit page="1">
  <credit-words default-x="636" default-y="751" font-family="Times New Roman" font-style="normal" font-size="20.7549" font-weight="normal" justify="center" valign="middle">Siubhán Nig Uidhir</credit-words>
 </credit>
 <credit page="1">
  <credit-words default-x="636" default-y="678" font-family="Times New Roman" font-style="normal" font-size="13.1545" font-weight="normal" justify="center" valign="middle">Judy Maguire</credit-words>
 </credit>
 <credit page="1">
  <credit-words default-x="636" default-y="751" font-family="Times New Roman" font-style="normal" font-size="20.7549" font-weight="normal" justify="center" valign="middle">66                                              </credit-words>
 </credit>
 <part-list>
  <score-part id="P1">
   <part-name> </part-name>
   <part-name-display>
    <display-text> </display-text>
   </part-name-display>
   <part-abbreviation> </part-abbreviation>
   <part-abbreviation-display>
    <display-text> </display-text>
   </part-abbreviation-display>
   <score-instrument id="P1-I1">
    <instrument-name> </instrument-name>
    <virtual-instrument>
     <virtual-library>General MIDI</virtual-library>
    </virtual-instrument>
   </score-instrument>
  </score-part>
 </part-list>
 <part id="P1">
  <!--============== Part: P1, Measure: 1 ==============-->
  <measure number="1" width="263">
   <print new-page="yes">
    <system-layout>
     <system-margins>
      <left-margin>0</left-margin>
      <right-margin>0</right-margin>
     </system-margins>
     <top-system-distance>176</top-system-distance>
    </system-layout>
   </print>
   <attributes>
    <divisions>256</divisions>
    <key color="#000000">
     <fifths>2</fifths>
     <mode>major</mode>
    </key>
    <time color="#000000">
     <beats>6</beats>
     <beat-type>8</beat-type>
    </time>
    <staves>1</staves>
    <clef number="1" color="#000000">
     <sign>G</sign>
     <line>2</line>
    </clef>
    <staff-details number="1" print-object="yes" />
   </attributes>
   <direction>
    <direction-type>
     <words default-x="46" default-y="27" justify="left" valign="middle" font-family="Opus Text Std" font-style="normal" font-size="12.2776" font-weight="normal">q.</words>
     <words justify="left" valign="middle" font-family="Times New Roman" font-style="normal" font-size="12.2776" font-weight="normal"> = 76</words>
    </direction-type>
    <voice>1</voice>
    <staff>1</staff>
   </direction>
   <note color="#000000" default-x="105">
    <pitch>
     <step>F</step>
     <alter>1</alter>
     <octave>4</octave>
    </pitch>
    <duration>256</duration>
    <instrument id="P1-I1" />
    <voice>1</voice>
    <type>quarter</type>
    <stem>up</stem>
    <staff>1</staff>
    <notations>
     <slur color="#000000" type="start" orientation="under" />
    </notations>
   </note>
   <note color="#000000" default-x="197" default-y="-5">
    <pitch>
     <step>E</step>
     <octave>4</octave>
    </pitch>
    <duration>128</duration>
    <instrument id="P1-I1" />
    <voice>1</voice>
    <type>eighth</type>
    <stem>up</stem>
    <staff>1</staff>
    <notations>
     <slur color="#000000" type="stop" orientation="under" />
    </notations>
   </note>
  </measure>
  <!--============== Part: P1, Measure: 2 ==============-->
  <measure number="2" width="451">
   <note color="#000000" default-x="20" default-y="-10">
    <pitch>
     <step>D</step>
     <octave>4</octave>
    </pitch>
    <duration>128</duration>
    <instrument id="P1-I1" />
    <voice>1</voice>
    <type>eighth</type>
    <stem>up</stem>
    <staff>1</staff>
   </note>
   <note color="#000000" default-x="86" default-y="-20">
    <pitch>
     <step>B</step>
     <octave>3</octave>
    </pitch>
    <duration>128</duration>
    <instrument id="P1-I1" />
    <voice>1</voice>
    <type>eighth</type>
    <stem>up</stem>
    <staff>1</staff>
   </note>
   <note color="#000000" default-x="152" default-y="-20">
    <pitch>
     <step>B</step>
     <octave>3</octave>
    </pitch>
    <duration>64</duration>
    <instrument id="P1-I1" />
    <voice>1</voice>
    <type>16th</type>
    <stem>up</stem>
    <staff>1</staff>
   </note>
   <note color="#000000" default-x="202" default-y="-20">
    <pitch>
     <step>B</step>
     <octave>3</octave>
    </pitch>
    <duration>64</duration>
    <instrument id="P1-I1" />
    <voice>1</voice>
    <type>16th</type>
    <stem>up</stem>
    <staff>1</staff>
   </note>
   <note color="#000000" default-x="253" default-y="-10">
    <pitch>
     <step>D</step>
     <octave>4</octave>
    </pitch>
    <duration>128</duration>
    <instrument id="P1-I1" />
    <voice>1</voice>
    <type>eighth</type>
    <stem>up</stem>
    <staff>1</staff>
   </note>
   <note color="#000000" default-x="319" default-y="-5">
    <pitch>
     <step>E</step>
     <octave>4</octave>
    </pitch>
    <duration>128</duration>
    <instrument id="P1-I1" />
    <voice>1</voice>
    <type>eighth</type>
    <stem>up</stem>
    <staff>1</staff>
   </note>
   <note color="#000000" default-x="385">
    <pitch>
     <step>F</step>
     <alter>1</alter>
     <octave>4</octave>
    </pitch>
    <duration>128</duration>
    <instrument id="P1-I1" />
    <voice>1</voice>
    <type>eighth</type>
    <stem>up</stem>
    <staff>1</staff>
   </note>
  </measure>
  <!--============== Part: P1, Measure: 3 ==============-->
  <measure number="3" width="375">
   <note color="#000000" default-x="20" default-y="10">
    <pitch>
     <step>A</step>
     <octave>4</octave>
    </pitch>
    <duration>128</duration>
    <instrument id="P1-I1" />
    <voice>1</voice>
    <type>eighth</type>
    <stem>up</stem>
    <staff>1</staff>
   </note>
   <note color="#000000" default-x="86" default-y="-55">
    <pitch>
     <step>B</step>
     <octave>4</octave>
    </pitch>
    <duration>128</duration>
    <instrument id="P1-I1" />
    <voice>1</voice>
    <type>eighth</type>
    <stem>down</stem>
    <staff>1</staff>
   </note>
   <note color="#000000" default-x="152">
    <pitch>
     <step>F</step>
     <alter>1</alter>
     <octave>4</octave>
    </pitch>
    <duration>128</duration>
    <instrument id="P1-I1" />
    <voice>1</voice>
    <type>eighth</type>
    <stem>up</stem>
    <staff>1</staff>
   </note>
   <note color="#000000" default-x="218" default-y="-5">
    <pitch>
     <step>E</step>
     <octave>4</octave>
    </pitch>
    <duration>256</duration>
    <instrument id="P1-I1" />
    <voice>1</voice>
    <type>quarter</type>
    <stem>up</stem>
    <staff>1</staff>
   </note>
   <note color="#000000" default-x="309" default-y="-15">
    <pitch>
     <step>C</step>
     <alter>1</alter>
     <octave>4</octave>
    </pitch>
    <duration>128</duration>
    <instrument id="P1-I1" />
    <voice>1</voice>
    <type>eighth</type>
    <stem>up</stem>
    <staff>1</staff>
   </note>
  </measure>
  <!--============== Part: P1, Measure: 4 ==============-->
  <measure number="4" width="277">
   <print new-system="yes">
    <system-layout>
     <system-margins>
      <left-margin>0</left-margin>
      <right-margin>0</right-margin>
     </system-margins>
     <system-distance>75</system-distance>
    </system-layout>
   </print>
   <attributes>
    <staff-details number="1" print-object="yes" />
   </attributes>
   <note color="#000000" default-x="87" default-y="-10">
    <pitch>
     <step>D</step>
     <octave>4</octave>
    </pitch>
    <duration>384</duration>
    <tie type="start" />
    <instrument id="P1-I1" />
    <voice>1</voice>
    <type>quarter</type>
    <dot />
    <stem>up</stem>
    <staff>1</staff>
    <notations>
     <tied type="start" />
    </notations>
   </note>
   <note color="#000000" default-x="170" default-y="-10">
    <pitch>
     <step>D</step>
     <octave>4</octave>
    </pitch>
    <duration>256</duration>
    <tie type="stop" />
    <instrument id="P1-I1" />
    <voice>1</voice>
    <type>quarter</type>
    <stem>up</stem>
    <staff>1</staff>
    <notations>
     <tied type="stop" />
    </notations>
   </note>
   <note color="#000000" default-x="232" default-y="-5">
    <pitch>
     <step>E</step>
     <octave>4</octave>
    </pitch>
    <duration>128</duration>
    <instrument id="P1-I1" />
    <voice>1</voice>
    <type>eighth</type>
    <stem>up</stem>
    <staff>1</staff>
   </note>
  </measure>
  <!--============== Part: P1, Measure: 5 ==============-->
  <measure number="5" width="288">
   <note color="#000000" default-x="20">
    <pitch>
     <step>F</step>
     <alter>1</alter>
     <octave>4</octave>
    </pitch>
    <duration>128</duration>
    <instrument id="P1-I1" />
    <voice>1</voice>
    <type>eighth</type>
    <stem>up</stem>
    <staff>1</staff>
   </note>
   <note color="#000000" default-x="64" default-y="-5">
    <pitch>
     <step>E</step>
     <octave>4</octave>
    </pitch>
    <duration>128</duration>
    <instrument id="P1-I1" />
    <voice>1</voice>
    <type>eighth</type>
    <stem>up</stem>
    <staff>1</staff>
   </note>
   <note color="#000000" default-x="109">
    <pitch>
     <step>F</step>
     <alter>1</alter>
     <octave>4</octave>
    </pitch>
    <duration>128</duration>
    <instrument id="P1-I1" />
    <voice>1</voice>
    <type>eighth</type>
    <stem>up</stem>
    <staff>1</staff>
   </note>
   <note color="#000000" default-x="154" default-y="10">
    <pitch>
     <step>A</step>
     <octave>4</octave>
    </pitch>
    <duration>128</duration>
    <instrument id="P1-I1" />
    <voice>1</voice>
    <type>eighth</type>
    <stem>up</stem>
    <staff>1</staff>
   </note>
   <note color="#000000" default-x="198" default-y="-55">
    <pitch>
     <step>B</step>
     <octave>4</octave>
    </pitch>
    <duration>128</duration>
    <instrument id="P1-I1" />
    <voice>1</voice>
    <type>eighth</type>
    <stem>down</stem>
    <staff>1</staff>
   </note>
   <note color="#000000" default-x="243" default-y="-50">
    <pitch>
     <step>C</step>
     <alter>1</alter>
     <octave>5</octave>
    </pitch>
    <duration>128</duration>
    <instrument id="P1-I1" />
    <voice>1</voice>
    <type>eighth</type>
    <stem>down</stem>
    <staff>1</staff>
   </note>
  </measure>
  <!--============== Part: P1, Measure: 6 ==============-->
  <measure number="6" width="288">
   <note color="#000000" default-x="20" default-y="-45">
    <pitch>
     <step>D</step>
     <octave>5</octave>
    </pitch>
    <duration>128</duration>
    <instrument id="P1-I1" />
    <voice>1</voice>
    <type>eighth</type>
    <stem>down</stem>
    <staff>1</staff>
   </note>
   <note color="#000000" default-x="64" default-y="-55">
    <pitch>
     <step>B</step>
     <octave>4</octave>
    </pitch>
    <duration>128</duration>
    <instrument id="P1-I1" />
    <voice>1</voice>
    <type>eighth</type>
    <stem>down</stem>
    <staff>1</staff>
   </note>
   <note color="#000000" default-x="109" default-y="-50">
    <pitch>
     <step>C</step>
     <alter>1</alter>
     <octave>5</octave>
    </pitch>
    <duration>128</duration>
    <instrument id="P1-I1" />
    <voice>1</voice>
    <type>eighth</type>
    <stem>down</stem>
    <staff>1</staff>
   </note>
   <note color="#000000" default-x="154" default-y="-55">
    <pitch>
     <step>B</step>
     <octave>4</octave>
    </pitch>
    <duration>128</duration>
    <instrument id="P1-I1" />
    <voice>1</voice>
    <type>eighth</type>
    <stem>down</stem>
    <staff>1</staff>
   </note>
   <note color="#000000" default-x="198" default-y="10">
    <pitch>
     <step>A</step>
     <octave>4</octave>
    </pitch>
    <duration>128</duration>
    <instrument id="P1-I1" />
    <voice>1</voice>
    <type>eighth</type>
    <stem>up</stem>
    <staff>1</staff>
   </note>
   <note color="#000000" default-x="243">
    <pitch>
     <step>F</step>
     <alter>1</alter>
     <octave>4</octave>
    </pitch>
    <duration>128</duration>
    <instrument id="P1-I1" />
    <voice>1</voice>
    <type>eighth</type>
    <stem>up</stem>
    <staff>1</staff>
   </note>
  </measure>
  <!--============== Part: P1, Measure: 7 ==============-->
  <measure number="7" width="237">
   <note color="#000000" default-x="20">
    <pitch>
     <step>F</step>
     <alter>1</alter>
     <octave>4</octave>
    </pitch>
    <duration>384</duration>
    <tie type="start" />
    <instrument id="P1-I1" />
    <voice>1</voice>
    <type>quarter</type>
    <dot />
    <stem>up</stem>
    <staff>1</staff>
    <notations>
     <tied type="start" />
    </notations>
   </note>
   <note color="#000000" default-x="103">
    <pitch>
     <step>F</step>
     <alter>1</alter>
     <octave>4</octave>
    </pitch>
    <duration>128</duration>
    <tie type="stop" />
    <instrument id="P1-I1" />
    <voice>1</voice>
    <type>eighth</type>
    <stem>up</stem>
    <staff>1</staff>
    <notations>
     <tied type="stop" />
    </notations>
   </note>
   <note default-x="148">
    <rest />
    <duration>128</duration>
    <instrument id="P1-I1" />
    <voice>1</voice>
    <type>eighth</type>
    <staff>1</staff>
   </note>
   <note color="#000000" default-x="192" default-y="-50">
    <pitch>
     <step>C</step>
     <alter>1</alter>
     <octave>5</octave>
    </pitch>
    <duration>128</duration>
    <instrument id="P1-I1" />
    <voice>1</voice>
    <type>eighth</type>
    <stem>down</stem>
    <staff>1</staff>
   </note>
  </measure>
  <!--============== Part: P1, Measure: 8 ==============-->
  <measure number="8" width="462">
   <print new-system="yes">
    <system-layout>
     <system-margins>
      <left-margin>0</left-margin>
      <right-margin>0</right-margin>
     </system-margins>
     <system-distance>75</system-distance>
    </system-layout>
   </print>
   <attributes>
    <staff-details number="1" print-object="yes" />
   </attributes>
   <note color="#000000" default-x="87" default-y="-50">
    <pitch>
     <step>C</step>
     <alter>1</alter>
     <octave>5</octave>
    </pitch>
    <duration>128</duration>
    <instrument id="P1-I1" />
    <voice>1</voice>
    <type>eighth</type>
    <stem>down</stem>
    <staff>1</staff>
   </note>
   <note color="#000000" default-x="145" default-y="-55">
    <pitch>
     <step>B</step>
     <octave>4</octave>
    </pitch>
    <duration>128</duration>
    <instrument id="P1-I1" />
    <voice>1</voice>
    <type>eighth</type>
    <stem>down</stem>
    <staff>1</staff>
   </note>
   <note color="#000000" default-x="202" default-y="5">
    <pitch>
     <step>G</step>
     <alter>1</alter>
     <octave>4</octave>
    </pitch>
    <duration>64</duration>
    <instrument id="P1-I1" />
    <voice>1</voice>
    <type>16th</type>
    <accidental>sharp</accidental>
    <stem>up</stem>
    <staff>1</staff>
   </note>
   <note color="#000000" default-x="246" default-y="5">
    <pitch>
     <step>G</step>
     <alter>1</alter>
     <octave>4</octave>
    </pitch>
    <duration>64</duration>
    <instrument id="P1-I1" />
    <voice>1</voice>
    <type>16th</type>
    <stem>up</stem>
    <staff>1</staff>
   </note>
   <note color="#000000" default-x="290" default-y="10">
    <pitch>
     <step>A</step>
     <octave>4</octave>
    </pitch>
    <duration>128</duration>
    <instrument id="P1-I1" />
    <voice>1</voice>
    <type>eighth</type>
    <stem>up</stem>
    <staff>1</staff>
   </note>
   <note color="#000000" default-x="347" default-y="-55">
    <pitch>
     <step>B</step>
     <octave>4</octave>
    </pitch>
    <duration>128</duration>
    <instrument id="P1-I1" />
    <voice>1</voice>
    <type>eighth</type>
    <stem>down</stem>
    <staff>1</staff>
   </note>
   <note color="#000000" default-x="405" default-y="-50">
    <pitch>
     <step>C</step>
     <alter>1</alter>
     <octave>5</octave>
    </pitch>
    <duration>128</duration>
    <instrument id="P1-I1" />
    <voice>1</voice>
    <type>eighth</type>
    <stem>down</stem>
    <staff>1</staff>
   </note>
  </measure>
  <!--============== Part: P1, Measure: 9 ==============-->
  <measure number="9" width="364">
   <note color="#000000" default-x="20" default-y="-45">
    <pitch>
     <step>D</step>
     <octave>5</octave>
    </pitch>
    <duration>128</duration>
    <instrument id="P1-I1" />
    <voice>1</voice>
    <type>eighth</type>
    <stem>down</stem>
    <staff>1</staff>
   </note>
   <note color="#000000" default-x="77" default-y="-55">
    <pitch>
     <step>B</step>
     <octave>4</octave>
    </pitch>
    <duration>128</duration>
    <instrument id="P1-I1" />
    <voice>1</voice>
    <type>eighth</type>
    <stem>down</stem>
    <staff>1</staff>
   </note>
   <note color="#000000" default-x="135" default-y="-50">
    <pitch>
     <step>C</step>
     <alter>1</alter>
     <octave>5</octave>
    </pitch>
    <duration>128</duration>
    <instrument id="P1-I1" />
    <voice>1</voice>
    <type>eighth</type>
    <stem>down</stem>
    <staff>1</staff>
   </note>
   <note color="#000000" default-x="192" default-y="15">
    <pitch>
     <step>B</step>
     <octave>4</octave>
    </pitch>
    <duration>128</duration>
    <instrument id="P1-I1" />
    <voice>1</voice>
    <type>eighth</type>
    <stem>up</stem>
    <staff>1</staff>
    <notations>
     <slur color="#000000" type="start" orientation="under" />
    </notations>
   </note>
   <note color="#000000" default-x="249" default-y="10">
    <pitch>
     <step>A</step>
     <octave>4</octave>
    </pitch>
    <duration>128</duration>
    <instrument id="P1-I1" />
    <voice>1</voice>
    <type>eighth</type>
    <stem>up</stem>
    <staff>1</staff>
    <notations>
     <slur color="#000000" type="stop" orientation="under" />
    </notations>
   </note>
   <note color="#000000" default-x="307">
    <pitch>
     <step>F</step>
     <alter>1</alter>
     <octave>4</octave>
    </pitch>
    <duration>128</duration>
    <instrument id="P1-I1" />
    <voice>1</voice>
    <type>eighth</type>
    <stem>up</stem>
    <staff>1</staff>
   </note>
  </measure>
  <!--============== Part: P1, Measure: 10 ==============-->
  <measure number="10" width="263">
   <note color="#000000" default-x="20">
    <pitch>
     <step>F</step>
     <alter>1</alter>
     <octave>4</octave>
    </pitch>
    <duration>384</duration>
    <tie type="start" />
    <instrument id="P1-I1" />
    <voice>1</voice>
    <type>quarter</type>
    <dot />
    <stem>up</stem>
    <staff>1</staff>
    <notations>
     <tied type="start" />
    </notations>
   </note>
   <note color="#000000" default-x="126">
    <pitch>
     <step>F</step>
     <alter>1</alter>
     <octave>4</octave>
    </pitch>
    <duration>256</duration>
    <tie type="stop" />
    <instrument id="P1-I1" />
    <voice>1</voice>
    <type>quarter</type>
    <stem>up</stem>
    <staff>1</staff>
    <notations>
     <tied type="stop" />
    </notations>
   </note>
   <note color="#000000" default-x="206" default-y="-5">
    <pitch>
     <step>E</step>
     <octave>4</octave>
    </pitch>
    <duration>128</duration>
    <instrument id="P1-I1" />
    <voice>1</voice>
    <type>eighth</type>
    <stem>up</stem>
    <staff>1</staff>
   </note>
  </measure>
  <!--============== Part: P1, Measure: 11 ==============-->
  <measure number="11" width="516">
   <print new-system="yes">
    <system-layout>
     <system-margins>
      <left-margin>0</left-margin>
      <right-margin>0</right-margin>
     </system-margins>
     <system-distance>75</system-distance>
    </system-layout>
   </print>
   <attributes>
    <staff-details number="1" print-object="yes" />
   </attributes>
   <note color="#000000" default-x="87" default-y="-10">
    <pitch>
     <step>D</step>
     <octave>4</octave>
    </pitch>
    <duration>128</duration>
    <instrument id="P1-I1" />
    <voice>1</voice>
    <type>eighth</type>
    <stem>up</stem>
    <staff>1</staff>
   </note>
   <note color="#000000" default-x="159" default-y="-20">
    <pitch>
     <step>B</step>
     <octave>3</octave>
    </pitch>
    <duration>128</duration>
    <instrument id="P1-I1" />
    <voice>1</voice>
    <type>eighth</type>
    <stem>up</stem>
    <staff>1</staff>
   </note>
   <note color="#000000" default-x="230" default-y="-20">
    <pitch>
     <step>B</step>
     <octave>3</octave>
    </pitch>
    <duration>128</duration>
    <instrument id="P1-I1" />
    <voice>1</voice>
    <type>eighth</type>
    <stem>up</stem>
    <staff>1</staff>
   </note>
   <note color="#000000" default-x="302" default-y="-10">
    <pitch>
     <step>D</step>
     <octave>4</octave>
    </pitch>
    <duration>128</duration>
    <instrument id="P1-I1" />
    <voice>1</voice>
    <type>eighth</type>
    <stem>up</stem>
    <staff>1</staff>
   </note>
   <note color="#000000" default-x="373" default-y="-5">
    <pitch>
     <step>E</step>
     <octave>4</octave>
    </pitch>
    <duration>128</duration>
    <instrument id="P1-I1" />
    <voice>1</voice>
    <type>eighth</type>
    <stem>up</stem>
    <staff>1</staff>
   </note>
   <note color="#000000" default-x="445">
    <pitch>
     <step>F</step>
     <alter>1</alter>
     <octave>4</octave>
    </pitch>
    <duration>128</duration>
    <instrument id="P1-I1" />
    <voice>1</voice>
    <type>eighth</type>
    <stem>up</stem>
    <staff>1</staff>
   </note>
  </measure>
  <!--============== Part: P1, Measure: 12 ==============-->
  <measure number="12" width="405">
   <note color="#000000" default-x="20" default-y="10">
    <pitch>
     <step>A</step>
     <octave>4</octave>
    </pitch>
    <duration>128</duration>
    <instrument id="P1-I1" />
    <voice>1</voice>
    <type>eighth</type>
    <stem>up</stem>
    <staff>1</staff>
   </note>
   <note color="#000000" default-x="91" default-y="-55">
    <pitch>
     <step>B</step>
     <octave>4</octave>
    </pitch>
    <duration>128</duration>
    <instrument id="P1-I1" />
    <voice>1</voice>
    <type>eighth</type>
    <stem>down</stem>
    <staff>1</staff>
   </note>
   <note color="#000000" default-x="163">
    <pitch>
     <step>F</step>
     <alter>1</alter>
     <octave>4</octave>
    </pitch>
    <duration>128</duration>
    <instrument id="P1-I1" />
    <voice>1</voice>
    <type>eighth</type>
    <stem>up</stem>
    <staff>1</staff>
   </note>
   <note color="#000000" default-x="234" default-y="-5">
    <pitch>
     <step>E</step>
     <octave>4</octave>
    </pitch>
    <duration>256</duration>
    <instrument id="P1-I1" />
    <voice>1</voice>
    <type>quarter</type>
    <stem>up</stem>
    <staff>1</staff>
   </note>
   <note color="#000000" default-x="333" default-y="-15">
    <pitch>
     <step>C</step>
     <alter>1</alter>
     <octave>4</octave>
    </pitch>
    <duration>128</duration>
    <instrument id="P1-I1" />
    <voice>1</voice>
    <type>eighth</type>
    <stem>up</stem>
    <staff>1</staff>
   </note>
  </measure>
  <!--============== Part: P1, Measure: 13 ==============-->
  <measure number="13" width="168">
   <note color="#000000" default-x="20" default-y="-10">
    <pitch>
     <step>D</step>
     <octave>4</octave>
    </pitch>
    <duration>384</duration>
    <instrument id="P1-I1" />
    <voice>1</voice>
    <type>quarter</type>
    <dot />
    <stem>up</stem>
    <staff>1</staff>
   </note>
   <barline>
    <bar-style>light-heavy</bar-style>
   </barline>
  </measure>
 </part>
</score-partwise>
