<?xml version="1.0" encoding='UTF-8' standalone='no' ?>
<!DOCTYPE score-partwise PUBLIC "-//Recordare//DTD MusicXML 3.0 Partwise//EN" "http://www.musicxml.org/dtds/partwise.dtd">
<score-partwise version="3.0">
 <work>
  <work-title>Péarla an Bhrollaigh Bháin</work-title>
 </work>
 <identification>
  <creator type="composer">Carolan</creator>
  <encoding>
   <encoding-date>2015-06-03</encoding-date>
   <encoder>ITMA user</encoder>
   <software>Sibelius 7.1.3</software>
   <software>Direct export, not from Dolet</software>
   <encoding-description>Sibelius / MusicXML 3.0</encoding-description>
   <supports element="print" type="yes" value="yes" attribute="new-system" />
   <supports element="print" type="yes" value="yes" attribute="new-page" />
   <supports element="accidental" type="yes" />
   <supports element="beam" type="yes" />
   <supports element="stem" type="yes" />
  </encoding>
 </identification>
 <defaults>
  <scaling>
   <millimeters>210</millimeters>
   <tenths>1272</tenths>
  </scaling>
  <page-layout>
   <page-height>1400</page-height>
   <page-width>1272</page-width>
   <page-margins type="both">
    <left-margin>90</left-margin>
    <right-margin>90</right-margin>
    <top-margin>90</top-margin>
    <bottom-margin>90</bottom-margin>
   </page-margins>
  </page-layout>
  <system-layout>
   <system-margins>
    <left-margin>63</left-margin>
    <right-margin>0</right-margin>
   </system-margins>
   <system-distance>75</system-distance>
  </system-layout>
  <appearance>
   <line-width type="stem">0.9375</line-width>
   <line-width type="beam">5</line-width>
   <line-width type="staff">0.9375</line-width>
   <line-width type="light barline">1.5625</line-width>
   <line-width type="heavy barline">5</line-width>
   <line-width type="leger">1.5625</line-width>
   <line-width type="ending">1.5625</line-width>
   <line-width type="wedge">1.25</line-width>
   <line-width type="enclosure">0.9375</line-width>
   <line-width type="tuplet bracket">1.25</line-width>
   <line-width type="bracket">5</line-width>
   <line-width type="dashes">1.5625</line-width>
   <line-width type="extend">0.9375</line-width>
   <line-width type="octave shift">1.5625</line-width>
   <line-width type="pedal">1.5625</line-width>
   <line-width type="slur middle">1.5625</line-width>
   <line-width type="slur tip">0.625</line-width>
   <line-width type="tie middle">1.5625</line-width>
   <line-width type="tie tip">0.625</line-width>
   <note-size type="cue">75</note-size>
   <note-size type="grace">60</note-size>
  </appearance>
  <music-font font-family="Opus Std" font-size="18.7087" />
  <lyric-font font-family="Times New Roman" font-size="10.8159" />
  <lyric-language xml:lang="en" />
 </defaults>
 <credit page="1">
  <credit-words default-x="1181" default-y="29" font-family="Times New Roman" font-style="normal" font-size="10.3775" font-weight="normal" justify="right" valign="middle">Carolan</credit-words>
 </credit>
 <credit page="1">
  <credit-words default-x="636" default-y="1309" font-family="Times New Roman" font-style="normal" font-size="20.7549" font-weight="normal" justify="center" valign="middle">Péarla an Bhrollaigh Bháin</credit-words>
 </credit>
 <credit page="1">
  <credit-words default-x="636" default-y="1309" font-family="Times New Roman" font-style="normal" font-size="20.7549" font-weight="normal" justify="center" valign="middle">35.                                                            </credit-words>
 </credit>
 <credit page="1">
  <credit-words default-x="636" default-y="1218" font-family="Times New Roman" font-style="normal" font-size="13.1545" font-weight="normal" justify="center" valign="middle">The Snowy Breasted Pearl</credit-words>
 </credit>
 <credit page="1">
  <credit-words default-x="112" default-y="229" font-family="Times New Roman" font-style="normal" font-size="10.9621" font-weight="normal" justify="left" valign="middle">Edward Bunting, ed., A General Collection of the Ancient Irish Music, Vol. 1 (London &amp; Dublin, 1796), p. 17</credit-words>
 </credit>
 <part-list>
  <part-group type="start" number="1">
   <group-symbol>brace</group-symbol>
  </part-group>
  <score-part id="P1">
   <part-name>Piano</part-name>
   <part-name-display>
    <display-text>Piano</display-text>
   </part-name-display>
   <part-abbreviation>Pno.</part-abbreviation>
   <part-abbreviation-display>
    <display-text>Pno.</display-text>
   </part-abbreviation-display>
   <score-instrument id="P1-I1">
    <instrument-name>Piano (2)</instrument-name>
    <instrument-sound>keyboard.piano.grand</instrument-sound>
    <solo />
    <virtual-instrument>
     <virtual-library>General MIDI</virtual-library>
     <virtual-name>Acoustic Piano</virtual-name>
    </virtual-instrument>
   </score-instrument>
  </score-part>
  <part-group type="stop" number="1" />
 </part-list>
 <part id="P1">
  <!--============== Part: P1, Measure: 1 ==============-->
  <measure number="1" width="170">
   <print new-page="yes">
    <system-layout>
     <system-margins>
      <left-margin>0</left-margin>
      <right-margin>0</right-margin>
     </system-margins>
     <top-system-distance>216</top-system-distance>
    </system-layout>
    <staff-layout number="2">
     <staff-distance>103</staff-distance>
    </staff-layout>
   </print>
   <attributes>
    <divisions>256</divisions>
    <key color="#000000">
     <fifths>-3</fifths>
     <mode>major</mode>
    </key>
    <time color="#000000">
     <beats>3</beats>
     <beat-type>4</beat-type>
    </time>
    <staves>2</staves>
    <clef number="1" color="#000000">
     <sign>G</sign>
     <line>2</line>
    </clef>
    <clef number="2" color="#000000">
     <sign>F</sign>
     <line>4</line>
    </clef>
    <staff-details number="1" print-object="yes" />
    <staff-details number="2" print-object="yes" />
   </attributes>
   <direction>
    <direction-type>
     <words default-x="78" default-y="23" justify="left" valign="middle" font-family="Times New Roman" font-style="normal" font-size="12.2776" font-weight="bold">Andante</words>
    </direction-type>
    <voice>1</voice>
    <staff>1</staff>
   </direction>
   <note color="#000000" default-x="115" default-y="-52">
    <pitch>
     <step>B</step>
     <alter>-1</alter>
     <octave>4</octave>
    </pitch>
    <duration>42</duration>
    <instrument id="P1-I1" />
    <voice>1</voice>
    <type>16th</type>
    <time-modification>
     <actual-notes>3</actual-notes>
     <normal-notes>2</normal-notes>
     <normal-type>16th</normal-type>
    </time-modification>
    <stem>down</stem>
    <staff>1</staff>
    <beam number="1">begin</beam>
    <beam number="2">begin</beam>
    <notations>
     <tuplet type="start" bracket="no" number="1" default-y="-20" placement="below" />
    </notations>
   </note>
   <note color="#000000" default-x="132" default-y="-52">
    <pitch>
     <step>C</step>
     <octave>5</octave>
    </pitch>
    <duration>43</duration>
    <instrument id="P1-I1" />
    <voice>1</voice>
    <type>16th</type>
    <time-modification>
     <actual-notes>3</actual-notes>
     <normal-notes>2</normal-notes>
     <normal-type>16th</normal-type>
    </time-modification>
    <stem>down</stem>
    <staff>1</staff>
    <beam number="1">continue</beam>
    <beam number="2">continue</beam>
   </note>
   <note color="#000000" default-x="150" default-y="-52">
    <pitch>
     <step>D</step>
     <octave>5</octave>
    </pitch>
    <duration>43</duration>
    <instrument id="P1-I1" />
    <voice>1</voice>
    <type>16th</type>
    <time-modification>
     <actual-notes>3</actual-notes>
     <normal-notes>2</normal-notes>
     <normal-type>16th</normal-type>
    </time-modification>
    <stem>down</stem>
    <staff>1</staff>
    <beam number="1">end</beam>
    <beam number="2">end</beam>
    <notations>
     <tuplet type="stop" bracket="no" number="1" default-y="-20" placement="below" />
    </notations>
   </note>
   <backup>
    <duration>128</duration>
   </backup>
   <note default-x="115">
    <rest />
    <duration>128</duration>
    <instrument id="P1-I1" />
    <voice>3</voice>
    <type>eighth</type>
    <staff>2</staff>
   </note>
  </measure>
  <!--============== Part: P1, Measure: 2 ==============-->
  <measure number="2" width="149">
   <attributes />
   <note color="#000000" default-x="20" default-y="22">
    <pitch>
     <step>E</step>
     <alter>-1</alter>
     <octave>4</octave>
    </pitch>
    <duration>512</duration>
    <instrument id="P1-I1" />
    <voice>1</voice>
    <type>half</type>
    <stem>up</stem>
    <staff>1</staff>
   </note>
   <note color="#000000" default-x="20">
    <chord />
    <pitch>
     <step>E</step>
     <alter>-1</alter>
     <octave>5</octave>
    </pitch>
    <duration>512</duration>
    <instrument id="P1-I1" />
    <type>half</type>
    <staff>1</staff>
   </note>
   <note color="#000000" default-x="91" default-y="22">
    <pitch>
     <step>E</step>
     <alter>-1</alter>
     <octave>5</octave>
    </pitch>
    <duration>128</duration>
    <instrument id="P1-I1" />
    <voice>1</voice>
    <type>eighth</type>
    <stem>up</stem>
    <staff>1</staff>
    <beam number="1">begin</beam>
   </note>
   <note color="#000000" default-x="116" default-y="22">
    <pitch>
     <step>C</step>
     <octave>5</octave>
    </pitch>
    <duration>128</duration>
    <instrument id="P1-I1" />
    <voice>1</voice>
    <type>eighth</type>
    <stem>up</stem>
    <staff>1</staff>
    <beam number="1">end</beam>
   </note>
   <backup>
    <duration>256</duration>
   </backup>
   <note color="#000000" default-x="91" default-y="-67">
    <pitch>
     <step>E</step>
     <alter>-1</alter>
     <octave>4</octave>
    </pitch>
    <duration>256</duration>
    <instrument id="P1-I1" />
    <voice>2</voice>
    <type>quarter</type>
    <stem>down</stem>
    <staff>1</staff>
   </note>
   <backup>
    <duration>768</duration>
   </backup>
   <note color="#000000" default-x="20" default-y="-50">
    <pitch>
     <step>E</step>
     <alter>-1</alter>
     <octave>3</octave>
    </pitch>
    <duration>256</duration>
    <instrument id="P1-I1" />
    <voice>3</voice>
    <type>quarter</type>
    <stem>down</stem>
    <staff>2</staff>
   </note>
   <note color="#000000" default-x="55" default-y="-40">
    <pitch>
     <step>G</step>
     <octave>3</octave>
    </pitch>
    <duration>256</duration>
    <instrument id="P1-I1" />
    <voice>3</voice>
    <type>quarter</type>
    <stem>down</stem>
    <staff>2</staff>
   </note>
   <note color="#000000" default-x="91" default-y="-35">
    <pitch>
     <step>A</step>
     <alter>-1</alter>
     <octave>3</octave>
    </pitch>
    <duration>256</duration>
    <instrument id="P1-I1" />
    <voice>3</voice>
    <type>quarter</type>
    <stem>down</stem>
    <staff>2</staff>
   </note>
  </measure>
  <!--============== Part: P1, Measure: 3 ==============-->
  <measure number="3" width="163">
   <attributes />
   <note color="#000000" default-x="20" default-y="15">
    <pitch>
     <step>B</step>
     <alter>-1</alter>
     <octave>4</octave>
    </pitch>
    <duration>384</duration>
    <instrument id="P1-I1" />
    <voice>1</voice>
    <type>quarter</type>
    <dot />
    <stem>up</stem>
    <staff>1</staff>
   </note>
   <note color="#000000" default-x="79" default-y="4">
    <pitch>
     <step>A</step>
     <alter>-1</alter>
     <octave>4</octave>
    </pitch>
    <duration>128</duration>
    <instrument id="P1-I1" />
    <voice>1</voice>
    <type>eighth</type>
    <stem>up</stem>
    <staff>1</staff>
    <beam number="1">begin</beam>
   </note>
   <note color="#000000" default-x="105" default-y="4">
    <pitch>
     <step>G</step>
     <octave>4</octave>
    </pitch>
    <duration>128</duration>
    <instrument id="P1-I1" />
    <voice>1</voice>
    <type>eighth</type>
    <stem>up</stem>
    <staff>1</staff>
    <beam number="1">continue</beam>
   </note>
   <note color="#000000" default-x="131" default-y="4">
    <pitch>
     <step>F</step>
     <octave>4</octave>
    </pitch>
    <duration>128</duration>
    <instrument id="P1-I1" />
    <voice>1</voice>
    <type>eighth</type>
    <stem>up</stem>
    <staff>1</staff>
    <beam number="1">end</beam>
   </note>
   <backup>
    <duration>768</duration>
   </backup>
   <note color="#000000" default-x="20" default-y="-67">
    <pitch>
     <step>E</step>
     <alter>-1</alter>
     <octave>4</octave>
    </pitch>
    <duration>256</duration>
    <instrument id="P1-I1" />
    <voice>2</voice>
    <type>quarter</type>
    <stem>down</stem>
    <staff>1</staff>
   </note>
   <note color="#000000" default-x="55" default-y="-62">
    <pitch>
     <step>F</step>
     <octave>4</octave>
    </pitch>
    <duration>256</duration>
    <instrument id="P1-I1" />
    <voice>2</voice>
    <type>quarter</type>
    <stem>down</stem>
    <staff>1</staff>
   </note>
   <note color="#000000" default-x="105" default-y="-72">
    <pitch>
     <step>E</step>
     <alter>-1</alter>
     <octave>4</octave>
    </pitch>
    <duration>128</duration>
    <instrument id="P1-I1" />
    <voice>2</voice>
    <type>eighth</type>
    <stem>down</stem>
    <staff>1</staff>
    <beam number="1">begin</beam>
   </note>
   <note color="#000000" default-x="131" default-y="-72">
    <pitch>
     <step>D</step>
     <octave>4</octave>
    </pitch>
    <duration>128</duration>
    <instrument id="P1-I1" />
    <voice>2</voice>
    <type>eighth</type>
    <stem>down</stem>
    <staff>1</staff>
    <beam number="1">end</beam>
   </note>
   <backup>
    <duration>768</duration>
   </backup>
   <note color="#000000" default-x="20" default-y="-40">
    <pitch>
     <step>G</step>
     <octave>3</octave>
    </pitch>
    <duration>256</duration>
    <instrument id="P1-I1" />
    <voice>3</voice>
    <type>quarter</type>
    <stem>down</stem>
    <staff>2</staff>
   </note>
   <note color="#000000" default-x="55" default-y="-30">
    <pitch>
     <step>B</step>
     <alter>-1</alter>
     <octave>3</octave>
    </pitch>
    <duration>256</duration>
    <instrument id="P1-I1" />
    <voice>3</voice>
    <type>quarter</type>
    <stem>down</stem>
    <staff>2</staff>
   </note>
   <note color="#000000" default-x="105" default-y="5">
    <pitch>
     <step>B</step>
     <alter>-1</alter>
     <octave>2</octave>
    </pitch>
    <duration>256</duration>
    <instrument id="P1-I1" />
    <voice>3</voice>
    <type>quarter</type>
    <stem>up</stem>
    <staff>2</staff>
   </note>
  </measure>
  <!--============== Part: P1, Measure: 4 ==============-->
  <measure number="4" width="144">
   <attributes />
   <note color="#000000" default-x="20" default-y="-5">
    <pitch>
     <step>E</step>
     <alter>-1</alter>
     <octave>4</octave>
    </pitch>
    <duration>512</duration>
    <instrument id="P1-I1" />
    <voice>1</voice>
    <type>half</type>
    <stem>up</stem>
    <staff>1</staff>
   </note>
   <direction>
    <direction-type>
     <words default-x="82" default-y="-100" justify="left" valign="middle" font-family="Times New Roman" font-style="italic" font-size="12.2776" font-weight="bold">p</words>
    </direction-type>
    <voice>1</voice>
    <staff>1</staff>
   </direction>
   <note color="#000000" default-x="85" default-y="2">
    <pitch>
     <step>G</step>
     <octave>4</octave>
    </pitch>
    <duration>128</duration>
    <instrument id="P1-I1" />
    <voice>1</voice>
    <type>eighth</type>
    <stem>up</stem>
    <staff>1</staff>
    <beam number="1">begin</beam>
    <notations>
     <slur color="#000000" type="start" orientation="under" />
    </notations>
   </note>
   <note color="#000000" default-x="111" default-y="2">
    <pitch>
     <step>E</step>
     <alter>-1</alter>
     <octave>4</octave>
    </pitch>
    <duration>128</duration>
    <instrument id="P1-I1" />
    <voice>1</voice>
    <type>eighth</type>
    <stem>up</stem>
    <staff>1</staff>
    <beam number="1">end</beam>
    <notations>
     <slur color="#000000" type="stop" orientation="under" />
    </notations>
   </note>
   <backup>
    <duration>768</duration>
   </backup>
   <note color="#000000" default-x="20" default-y="10">
    <pitch>
     <step>C</step>
     <octave>3</octave>
    </pitch>
    <duration>256</duration>
    <instrument id="P1-I1" />
    <voice>3</voice>
    <type>quarter</type>
    <stem>up</stem>
    <staff>2</staff>
   </note>
   <note color="#000000" default-x="55" default-y="-5">
    <pitch>
     <step>G</step>
     <octave>2</octave>
    </pitch>
    <duration>512</duration>
    <instrument id="P1-I1" />
    <voice>3</voice>
    <type>half</type>
    <stem>up</stem>
    <staff>2</staff>
   </note>
  </measure>
  <!--============== Part: P1, Measure: 5 ==============-->
  <measure number="5" width="165">
   <attributes />
   <note color="#000000" default-x="20">
    <pitch>
     <step>F</step>
     <octave>4</octave>
    </pitch>
    <duration>256</duration>
    <instrument id="P1-I1" />
    <voice>1</voice>
    <type>quarter</type>
    <stem>up</stem>
    <staff>1</staff>
   </note>
   <note color="#000000" default-x="40" default-y="-24">
    <grace />
    <pitch>
     <step>D</step>
     <octave>4</octave>
    </pitch>
    <instrument id="P1-I1" />
    <voice>1</voice>
    <type>16th</type>
    <stem>up</stem>
    <staff>1</staff>
   </note>
   <note color="#000000" default-x="62" default-y="-10">
    <pitch>
     <step>C</step>
     <octave>4</octave>
    </pitch>
    <duration>128</duration>
    <instrument id="P1-I1" />
    <voice>1</voice>
    <type>eighth</type>
    <stem>up</stem>
    <staff>1</staff>
    <beam number="1">begin</beam>
   </note>
   <note color="#000000" default-x="88" default-y="-10">
    <pitch>
     <step>B</step>
     <alter>-1</alter>
     <octave>3</octave>
    </pitch>
    <duration>128</duration>
    <instrument id="P1-I1" />
    <voice>1</voice>
    <type>eighth</type>
    <stem>up</stem>
    <staff>1</staff>
    <beam number="1">continue</beam>
   </note>
   <note color="#000000" default-x="114" default-y="-10">
    <pitch>
     <step>C</step>
     <octave>4</octave>
    </pitch>
    <duration>128</duration>
    <instrument id="P1-I1" />
    <voice>1</voice>
    <type>eighth</type>
    <stem>up</stem>
    <staff>1</staff>
    <beam number="1">continue</beam>
   </note>
   <note color="#000000" default-x="139" default-y="-10">
    <pitch>
     <step>D</step>
     <octave>4</octave>
    </pitch>
    <duration>128</duration>
    <instrument id="P1-I1" />
    <voice>1</voice>
    <type>eighth</type>
    <stem>up</stem>
    <staff>1</staff>
    <beam number="1">end</beam>
   </note>
   <backup>
    <duration>256</duration>
   </backup>
   <note color="#000000" default-x="114" default-y="-87">
    <pitch>
     <step>A</step>
     <alter>-1</alter>
     <octave>3</octave>
    </pitch>
    <duration>256</duration>
    <instrument id="P1-I1" />
    <voice>2</voice>
    <type>quarter</type>
    <stem>down</stem>
    <staff>1</staff>
   </note>
   <backup>
    <duration>768</duration>
   </backup>
   <note color="#000000" default-x="20">
    <pitch>
     <step>A</step>
     <alter>-1</alter>
     <octave>2</octave>
    </pitch>
    <duration>512</duration>
    <instrument id="P1-I1" />
    <voice>3</voice>
    <type>half</type>
    <stem>up</stem>
    <staff>2</staff>
   </note>
   <note color="#000000" default-x="114" default-y="5">
    <pitch>
     <step>B</step>
     <alter>-1</alter>
     <octave>2</octave>
    </pitch>
    <duration>256</duration>
    <instrument id="P1-I1" />
    <voice>3</voice>
    <type>quarter</type>
    <stem>up</stem>
    <staff>2</staff>
   </note>
  </measure>
  <!--============== Part: P1, Measure: 6 ==============-->
  <measure number="6" width="149">
   <attributes />
   <note color="#000000" default-x="20" default-y="-5">
    <pitch>
     <step>G</step>
     <octave>3</octave>
    </pitch>
    <duration>512</duration>
    <instrument id="P1-I1" />
    <voice>1</voice>
    <type>half</type>
    <stem>up</stem>
    <staff>1</staff>
   </note>
   <note color="#000000" default-x="20">
    <chord />
    <pitch>
     <step>E</step>
     <alter>-1</alter>
     <octave>4</octave>
    </pitch>
    <duration>512</duration>
    <instrument id="P1-I1" />
    <type>half</type>
    <staff>1</staff>
   </note>
   <note color="#000000" default-x="73">
    <grace />
    <pitch>
     <step>B</step>
     <alter>-1</alter>
     <octave>4</octave>
    </pitch>
    <instrument id="P1-I1" />
    <voice>1</voice>
    <type>16th</type>
    <stem>up</stem>
    <staff>1</staff>
    <notations>
     <slur color="#000000" type="start" orientation="under" />
    </notations>
   </note>
   <note color="#000000" default-x="91" default-y="4">
    <pitch>
     <step>A</step>
     <alter>-1</alter>
     <octave>4</octave>
    </pitch>
    <duration>128</duration>
    <instrument id="P1-I1" />
    <voice>1</voice>
    <type>eighth</type>
    <stem>up</stem>
    <staff>1</staff>
    <beam number="1">begin</beam>
   </note>
   <note color="#000000" default-x="117" default-y="4">
    <pitch>
     <step>G</step>
     <octave>4</octave>
    </pitch>
    <duration>128</duration>
    <instrument id="P1-I1" />
    <voice>1</voice>
    <type>eighth</type>
    <stem>up</stem>
    <staff>1</staff>
    <beam number="1">end</beam>
    <notations>
     <slur color="#000000" type="stop" orientation="under" />
    </notations>
   </note>
   <backup>
    <duration>768</duration>
   </backup>
   <note color="#000000" default-x="20" default-y="-50">
    <pitch>
     <step>E</step>
     <alter>-1</alter>
     <octave>3</octave>
    </pitch>
    <duration>256</duration>
    <instrument id="P1-I1" />
    <voice>3</voice>
    <type>quarter</type>
    <stem>down</stem>
    <staff>2</staff>
   </note>
   <note color="#000000" default-x="55" default-y="-15">
    <pitch>
     <step>E</step>
     <alter>-1</alter>
     <octave>2</octave>
    </pitch>
    <duration>256</duration>
    <instrument id="P1-I1" />
    <voice>3</voice>
    <type>quarter</type>
    <stem>up</stem>
    <staff>2</staff>
   </note>
   <note default-x="91">
    <rest />
    <duration>256</duration>
    <instrument id="P1-I1" />
    <voice>3</voice>
    <type>quarter</type>
    <staff>2</staff>
   </note>
  </measure>
  <!--============== Part: P1, Measure: 7 ==============-->
  <measure number="7" width="149">
   <attributes />
   <direction>
    <direction-type>
     <words default-x="11" default-y="-99" justify="left" valign="middle" font-family="Times New Roman" font-style="italic" font-size="12.2776" font-weight="bold">f</words>
    </direction-type>
    <voice>1</voice>
    <staff>1</staff>
   </direction>
   <note color="#000000" default-x="20" default-y="10">
    <pitch>
     <step>F</step>
     <octave>4</octave>
    </pitch>
    <duration>256</duration>
    <instrument id="P1-I1" />
    <voice>1</voice>
    <type>quarter</type>
    <stem>up</stem>
    <staff>1</staff>
   </note>
   <note color="#000000" default-x="20">
    <chord />
    <pitch>
     <step>A</step>
     <alter>-1</alter>
     <octave>4</octave>
    </pitch>
    <duration>256</duration>
    <instrument id="P1-I1" />
    <type>quarter</type>
    <staff>1</staff>
   </note>
   <note color="#000000" default-x="55" default-y="15">
    <pitch>
     <step>G</step>
     <octave>4</octave>
    </pitch>
    <duration>256</duration>
    <instrument id="P1-I1" />
    <voice>1</voice>
    <type>quarter</type>
    <stem>up</stem>
    <staff>1</staff>
   </note>
   <note color="#000000" default-x="55">
    <chord />
    <pitch>
     <step>B</step>
     <alter>-1</alter>
     <octave>4</octave>
    </pitch>
    <duration>256</duration>
    <instrument id="P1-I1" />
    <type>quarter</type>
    <staff>1</staff>
   </note>
   <note color="#000000" default-x="91" default-y="17">
    <pitch>
     <step>C</step>
     <octave>5</octave>
    </pitch>
    <duration>128</duration>
    <instrument id="P1-I1" />
    <voice>1</voice>
    <type>eighth</type>
    <stem>up</stem>
    <staff>1</staff>
    <beam number="1">begin</beam>
   </note>
   <note color="#000000" default-x="117" default-y="17">
    <pitch>
     <step>D</step>
     <octave>5</octave>
    </pitch>
    <duration>128</duration>
    <instrument id="P1-I1" />
    <voice>1</voice>
    <type>eighth</type>
    <stem>up</stem>
    <staff>1</staff>
    <beam number="1">end</beam>
   </note>
   <backup>
    <duration>256</duration>
   </backup>
   <note color="#000000" default-x="91" default-y="-57">
    <pitch>
     <step>A</step>
     <alter>-1</alter>
     <octave>4</octave>
    </pitch>
    <duration>256</duration>
    <instrument id="P1-I1" />
    <voice>2</voice>
    <type>quarter</type>
    <stem>down</stem>
    <staff>1</staff>
   </note>
   <backup>
    <duration>768</duration>
   </backup>
   <note color="#000000" default-x="20" default-y="17">
    <pitch>
     <step>E</step>
     <alter>-1</alter>
     <octave>2</octave>
    </pitch>
    <duration>768</duration>
    <instrument id="P1-I1" />
    <voice>3</voice>
    <type>half</type>
    <dot />
    <stem>up</stem>
    <staff>2</staff>
   </note>
   <note color="#000000" default-x="20">
    <chord />
    <pitch>
     <step>E</step>
     <alter>-1</alter>
     <octave>3</octave>
    </pitch>
    <duration>512</duration>
    <instrument id="P1-I1" />
    <type>half</type>
    <dot />
    <staff>2</staff>
   </note>
  </measure>
  <!--============== Part: P1, Measure: 8 ==============-->
  <measure number="8" width="228">
   <print new-system="yes">
    <system-layout>
     <system-margins>
      <left-margin>0</left-margin>
      <right-margin>0</right-margin>
     </system-margins>
     <system-distance>122</system-distance>
    </system-layout>
    <staff-layout number="2">
     <staff-distance>98</staff-distance>
    </staff-layout>
   </print>
   <attributes>
    <staff-details number="1" print-object="yes" />
    <staff-details number="2" print-object="yes" />
   </attributes>
   <note color="#000000" default-x="96" default-y="-60">
    <pitch>
     <step>G</step>
     <octave>4</octave>
    </pitch>
    <duration>512</duration>
    <instrument id="P1-I1" />
    <voice>1</voice>
    <type>half</type>
    <stem>down</stem>
    <staff>1</staff>
   </note>
   <note color="#000000" default-x="96">
    <chord />
    <pitch>
     <step>E</step>
     <alter>-1</alter>
     <octave>5</octave>
    </pitch>
    <duration>512</duration>
    <instrument id="P1-I1" />
    <type>half</type>
    <staff>1</staff>
   </note>
   <note color="#000000" default-x="160" default-y="-42">
    <pitch>
     <step>D</step>
     <octave>5</octave>
    </pitch>
    <duration>64</duration>
    <instrument id="P1-I1" />
    <voice>1</voice>
    <type>16th</type>
    <stem>down</stem>
    <staff>1</staff>
    <beam number="1">begin</beam>
    <beam number="2">begin</beam>
    <notations>
     <slur color="#000000" type="start" orientation="over" />
    </notations>
   </note>
   <note color="#000000" default-x="179" default-y="-42">
    <pitch>
     <step>E</step>
     <alter>-1</alter>
     <octave>5</octave>
    </pitch>
    <duration>64</duration>
    <instrument id="P1-I1" />
    <voice>1</voice>
    <type>16th</type>
    <stem>down</stem>
    <staff>1</staff>
    <beam number="1">continue</beam>
    <beam number="2">end</beam>
   </note>
   <note color="#000000" default-x="197" default-y="-42">
    <pitch>
     <step>F</step>
     <octave>5</octave>
    </pitch>
    <duration>128</duration>
    <instrument id="P1-I1" />
    <voice>1</voice>
    <type>eighth</type>
    <stem>down</stem>
    <staff>1</staff>
    <beam number="1">end</beam>
    <notations>
     <slur color="#000000" type="stop" orientation="over" />
    </notations>
   </note>
   <backup>
    <duration>768</duration>
   </backup>
   <note color="#000000" default-x="96" default-y="17">
    <pitch>
     <step>E</step>
     <alter>-1</alter>
     <octave>2</octave>
    </pitch>
    <duration>256</duration>
    <instrument id="P1-I1" />
    <voice>3</voice>
    <type>quarter</type>
    <stem>up</stem>
    <staff>2</staff>
   </note>
   <note color="#000000" default-x="96">
    <chord />
    <pitch>
     <step>E</step>
     <alter>-1</alter>
     <octave>3</octave>
    </pitch>
    <duration>256</duration>
    <instrument id="P1-I1" />
    <type>quarter</type>
    <staff>2</staff>
   </note>
   <note color="#000000" default-x="128" default-y="-30">
    <pitch>
     <step>B</step>
     <alter>-1</alter>
     <octave>3</octave>
    </pitch>
    <duration>256</duration>
    <instrument id="P1-I1" />
    <voice>3</voice>
    <type>quarter</type>
    <stem>down</stem>
    <staff>2</staff>
   </note>
   <note color="#000000" default-x="160" default-y="-35">
    <pitch>
     <step>A</step>
     <alter>-1</alter>
     <octave>3</octave>
    </pitch>
    <duration>256</duration>
    <instrument id="P1-I1" />
    <voice>3</voice>
    <type>quarter</type>
    <stem>down</stem>
    <staff>2</staff>
   </note>
  </measure>
  <!--============== Part: P1, Measure: 9 ==============-->
  <measure number="9" width="139">
   <attributes />
   <direction>
    <direction-type>
     <words default-x="1" default-y="-104" justify="left" valign="middle" font-family="Times New Roman" font-style="italic" font-size="12.2776" font-weight="bold">sfz</words>
    </direction-type>
    <voice>1</voice>
    <staff>1</staff>
   </direction>
   <note color="#000000" default-x="20" default-y="22">
    <pitch>
     <step>E</step>
     <alter>-1</alter>
     <octave>5</octave>
    </pitch>
    <duration>256</duration>
    <instrument id="P1-I1" />
    <voice>1</voice>
    <type>quarter</type>
    <stem>up</stem>
    <staff>1</staff>
   </note>
   <note color="#000000" default-x="52" default-y="17">
    <pitch>
     <step>D</step>
     <octave>5</octave>
    </pitch>
    <duration>128</duration>
    <instrument id="P1-I1" />
    <voice>1</voice>
    <type>eighth</type>
    <stem>up</stem>
    <staff>1</staff>
    <beam number="1">begin</beam>
    <notations>
     <slur color="#000000" type="start" orientation="under" />
    </notations>
   </note>
   <note color="#000000" default-x="76" default-y="17">
    <pitch>
     <step>C</step>
     <octave>5</octave>
    </pitch>
    <duration>128</duration>
    <instrument id="P1-I1" />
    <voice>1</voice>
    <type>eighth</type>
    <stem>up</stem>
    <staff>1</staff>
    <beam number="1">end</beam>
    <notations>
     <slur color="#000000" type="stop" orientation="under" />
    </notations>
   </note>
   <note color="#000000" default-x="100" default-y="15">
    <pitch>
     <step>B</step>
     <alter>-1</alter>
     <octave>4</octave>
    </pitch>
    <duration>256</duration>
    <instrument id="P1-I1" />
    <voice>1</voice>
    <type>quarter</type>
    <stem>up</stem>
    <staff>1</staff>
   </note>
   <backup>
    <duration>768</duration>
   </backup>
   <note color="#000000" default-x="20" default-y="-67">
    <pitch>
     <step>E</step>
     <alter>-1</alter>
     <octave>4</octave>
    </pitch>
    <duration>768</duration>
    <instrument id="P1-I1" />
    <voice>2</voice>
    <type>half</type>
    <dot />
    <stem>down</stem>
    <staff>1</staff>
   </note>
   <backup>
    <duration>768</duration>
   </backup>
   <note color="#000000" default-x="20" default-y="-40">
    <pitch>
     <step>G</step>
     <octave>3</octave>
    </pitch>
    <duration>768</duration>
    <instrument id="P1-I1" />
    <voice>3</voice>
    <type>half</type>
    <dot />
    <stem>down</stem>
    <staff>2</staff>
   </note>
  </measure>
  <!--============== Part: P1, Measure: 10 ==============-->
  <measure number="10" width="148">
   <attributes />
   <direction>
    <direction-type>
     <words default-x="13" default-y="-92" justify="left" valign="middle" font-family="Times New Roman" font-style="italic" font-size="12.2776" font-weight="bold">p</words>
    </direction-type>
    <voice>1</voice>
    <staff>1</staff>
   </direction>
   <note color="#000000" default-x="20" default-y="-50">
    <pitch>
     <step>C</step>
     <octave>5</octave>
    </pitch>
    <duration>256</duration>
    <instrument id="P1-I1" />
    <voice>1</voice>
    <type>quarter</type>
    <stem>down</stem>
    <staff>1</staff>
   </note>
   <note color="#000000" default-x="53" default-y="9">
    <pitch>
     <step>G</step>
     <octave>4</octave>
    </pitch>
    <duration>128</duration>
    <instrument id="P1-I1" />
    <voice>1</voice>
    <type>eighth</type>
    <stem>up</stem>
    <staff>1</staff>
    <beam number="1">begin</beam>
    <notations>
     <slur color="#000000" type="start" orientation="under" />
    </notations>
   </note>
   <note color="#000000" default-x="76" default-y="9">
    <pitch>
     <step>F</step>
     <octave>4</octave>
    </pitch>
    <duration>128</duration>
    <instrument id="P1-I1" />
    <voice>1</voice>
    <type>eighth</type>
    <stem>up</stem>
    <staff>1</staff>
    <beam number="1">continue</beam>
   </note>
   <note color="#000000" default-x="100" default-y="9">
    <pitch>
     <step>G</step>
     <octave>4</octave>
    </pitch>
    <duration>128</duration>
    <instrument id="P1-I1" />
    <voice>1</voice>
    <type>eighth</type>
    <stem>up</stem>
    <staff>1</staff>
    <beam number="1">continue</beam>
   </note>
   <note color="#000000" default-x="124" default-y="9">
    <pitch>
     <step>B</step>
     <alter>-1</alter>
     <octave>4</octave>
    </pitch>
    <duration>128</duration>
    <instrument id="P1-I1" />
    <voice>1</voice>
    <type>eighth</type>
    <stem>up</stem>
    <staff>1</staff>
    <beam number="1">end</beam>
    <notations>
     <slur color="#000000" type="stop" orientation="under" />
    </notations>
   </note>
   <backup>
    <duration>768</duration>
   </backup>
   <note color="#000000" default-x="20" default-y="-35">
    <pitch>
     <step>A</step>
     <alter>-1</alter>
     <octave>3</octave>
    </pitch>
    <duration>768</duration>
    <instrument id="P1-I1" />
    <voice>3</voice>
    <type>half</type>
    <dot />
    <stem>down</stem>
    <staff>2</staff>
   </note>
  </measure>
  <!--============== Part: P1, Measure: 11 ==============-->
  <measure number="11" width="114">
   <attributes />
   <note color="#000000" default-x="20" default-y="-50">
    <pitch>
     <step>C</step>
     <octave>5</octave>
    </pitch>
    <duration>512</duration>
    <instrument id="P1-I1" />
    <voice>1</voice>
    <type>half</type>
    <stem>down</stem>
    <staff>1</staff>
   </note>
   <note default-x="71">
    <rest />
    <duration>256</duration>
    <instrument id="P1-I1" />
    <voice>1</voice>
    <type>quarter</type>
    <staff>1</staff>
   </note>
   <barline>
    <bar-style>light-light</bar-style>
   </barline>
   <backup>
    <duration>768</duration>
   </backup>
   <note color="#000000" default-x="20">
    <pitch>
     <step>A</step>
     <alter>-1</alter>
     <octave>2</octave>
    </pitch>
    <duration>512</duration>
    <instrument id="P1-I1" />
    <voice>3</voice>
    <type>half</type>
    <stem>up</stem>
    <staff>2</staff>
   </note>
   <note default-x="71">
    <rest />
    <duration>256</duration>
    <instrument id="P1-I1" />
    <voice>3</voice>
    <type>quarter</type>
    <staff>2</staff>
   </note>
  </measure>
  <!--============== Part: P1, Measure: 12 ==============-->
  <measure number="12" width="151">
   <attributes />
   <direction>
    <direction-type>
     <wedge default-y="-93" color="#000000" type="crescendo" />
    </direction-type>
    <voice>1</voice>
    <staff>1</staff>
   </direction>
   <note default-x="20">
    <rest />
    <duration>256</duration>
    <instrument id="P1-I1" />
    <voice>1</voice>
    <type>quarter</type>
    <staff>1</staff>
   </note>
   <note default-x="51">
    <rest />
    <duration>256</duration>
    <instrument id="P1-I1" />
    <voice>1</voice>
    <type>quarter</type>
    <staff>1</staff>
   </note>
   <note color="#000000" default-x="83" default-y="-49">
    <pitch>
     <step>B</step>
     <alter>-1</alter>
     <octave>4</octave>
    </pitch>
    <duration>64</duration>
    <instrument id="P1-I1" />
    <voice>1</voice>
    <type>16th</type>
    <stem>down</stem>
    <staff>1</staff>
    <beam number="1">begin</beam>
    <beam number="2">begin</beam>
    <notations>
     <slur color="#000000" type="start" orientation="over" />
    </notations>
   </note>
   <note color="#000000" default-x="102" default-y="-49">
    <pitch>
     <step>C</step>
     <octave>5</octave>
    </pitch>
    <duration>64</duration>
    <instrument id="P1-I1" />
    <voice>1</voice>
    <type>16th</type>
    <stem>down</stem>
    <staff>1</staff>
    <beam number="1">continue</beam>
    <beam number="2">end</beam>
   </note>
   <direction>
    <direction-type>
     <wedge default-x="5" default-y="-93" color="#000000" type="stop" />
    </direction-type>
    <voice>1</voice>
    <staff>1</staff>
   </direction>
   <note color="#000000" default-x="120" default-y="-49">
    <pitch>
     <step>D</step>
     <octave>5</octave>
    </pitch>
    <duration>128</duration>
    <instrument id="P1-I1" />
    <voice>1</voice>
    <type>eighth</type>
    <stem>down</stem>
    <staff>1</staff>
    <beam number="1">end</beam>
    <notations>
     <slur color="#000000" type="stop" orientation="over" />
    </notations>
   </note>
   <backup>
    <duration>768</duration>
   </backup>
   <note color="#000000" default-x="20" default-y="-35">
    <pitch>
     <step>A</step>
     <alter>-1</alter>
     <octave>3</octave>
    </pitch>
    <duration>256</duration>
    <instrument id="P1-I1" />
    <voice>3</voice>
    <type>quarter</type>
    <stem>down</stem>
    <staff>2</staff>
   </note>
   <note color="#000000" default-x="51" default-y="-40">
    <pitch>
     <step>G</step>
     <octave>3</octave>
    </pitch>
    <duration>256</duration>
    <instrument id="P1-I1" />
    <voice>3</voice>
    <type>quarter</type>
    <stem>down</stem>
    <staff>2</staff>
   </note>
   <note color="#000000" default-x="83" default-y="-45">
    <pitch>
     <step>F</step>
     <octave>3</octave>
    </pitch>
    <duration>256</duration>
    <instrument id="P1-I1" />
    <voice>3</voice>
    <type>quarter</type>
    <stem>down</stem>
    <staff>2</staff>
   </note>
  </measure>
  <!--============== Part: P1, Measure: 13 ==============-->
  <measure number="13" width="153">
   <attributes />
   <note color="#000000" default-x="20" default-y="-40">
    <pitch>
     <step>E</step>
     <alter>-1</alter>
     <octave>5</octave>
    </pitch>
    <duration>512</duration>
    <instrument id="P1-I1" />
    <voice>1</voice>
    <type>half</type>
    <stem>down</stem>
    <staff>1</staff>
   </note>
   <note color="#000000" default-x="84" default-y="-42">
    <pitch>
     <step>D</step>
     <octave>5</octave>
    </pitch>
    <duration>64</duration>
    <instrument id="P1-I1" />
    <voice>1</voice>
    <type>16th</type>
    <stem>down</stem>
    <staff>1</staff>
    <beam number="1">begin</beam>
    <beam number="2">begin</beam>
   </note>
   <note color="#000000" default-x="103" default-y="-42">
    <pitch>
     <step>E</step>
     <alter>-1</alter>
     <octave>5</octave>
    </pitch>
    <duration>64</duration>
    <instrument id="P1-I1" />
    <voice>1</voice>
    <type>16th</type>
    <stem>down</stem>
    <staff>1</staff>
    <beam number="1">continue</beam>
    <beam number="2">end</beam>
   </note>
   <note color="#000000" default-x="122" default-y="-42">
    <pitch>
     <step>F</step>
     <octave>5</octave>
    </pitch>
    <duration>128</duration>
    <instrument id="P1-I1" />
    <voice>1</voice>
    <type>eighth</type>
    <stem>down</stem>
    <staff>1</staff>
    <beam number="1">end</beam>
   </note>
   <backup>
    <duration>768</duration>
   </backup>
   <note color="#000000" default-x="20" default-y="-50">
    <pitch>
     <step>E</step>
     <alter>-1</alter>
     <octave>3</octave>
    </pitch>
    <duration>256</duration>
    <instrument id="P1-I1" />
    <voice>3</voice>
    <type>quarter</type>
    <stem>down</stem>
    <staff>2</staff>
   </note>
   <note color="#000000" default-x="20">
    <chord />
    <pitch>
     <step>G</step>
     <octave>3</octave>
    </pitch>
    <duration>256</duration>
    <instrument id="P1-I1" />
    <type>quarter</type>
    <staff>2</staff>
   </note>
   <note color="#000000" default-x="52" default-y="-15">
    <pitch>
     <step>E</step>
     <alter>-1</alter>
     <octave>2</octave>
    </pitch>
    <duration>256</duration>
    <instrument id="P1-I1" />
    <voice>3</voice>
    <type>quarter</type>
    <stem>up</stem>
    <staff>2</staff>
   </note>
   <note color="#000000" default-x="84" default-y="-45">
    <pitch>
     <step>F</step>
     <octave>3</octave>
    </pitch>
    <duration>256</duration>
    <instrument id="P1-I1" />
    <voice>3</voice>
    <type>quarter</type>
    <stem>down</stem>
    <staff>2</staff>
   </note>
  </measure>
  <!--============== Part: P1, Measure: 14 ==============-->
  <measure number="14" width="155">
   <attributes />
   <note color="#000000" default-x="20" default-y="-40">
    <pitch>
     <step>E</step>
     <alter>-1</alter>
     <octave>5</octave>
    </pitch>
    <duration>256</duration>
    <instrument id="P1-I1" />
    <voice>1</voice>
    <type>quarter</type>
    <stem>down</stem>
    <staff>1</staff>
   </note>
   <note color="#000000" default-x="53" default-y="-49">
    <pitch>
     <step>E</step>
     <alter>-1</alter>
     <octave>5</octave>
    </pitch>
    <duration>128</duration>
    <instrument id="P1-I1" />
    <voice>1</voice>
    <type>eighth</type>
    <stem>down</stem>
    <staff>1</staff>
    <beam number="1">begin</beam>
    <notations>
     <slur color="#000000" type="start" orientation="over" number="2" />
    </notations>
   </note>
   <note color="#000000" default-x="76" default-y="-49">
    <pitch>
     <step>D</step>
     <octave>5</octave>
    </pitch>
    <duration>128</duration>
    <instrument id="P1-I1" />
    <voice>1</voice>
    <type>eighth</type>
    <stem>down</stem>
    <staff>1</staff>
    <beam number="1">continue</beam>
    <notations>
     <slur color="#000000" type="stop" orientation="over" number="2" />
    </notations>
   </note>
   <note color="#000000" default-x="100" default-y="-49">
    <pitch>
     <step>C</step>
     <octave>5</octave>
    </pitch>
    <duration>128</duration>
    <instrument id="P1-I1" />
    <voice>1</voice>
    <type>eighth</type>
    <stem>down</stem>
    <staff>1</staff>
    <beam number="1">continue</beam>
    <notations>
     <slur color="#000000" type="start" orientation="over" number="2" />
    </notations>
   </note>
   <note color="#000000" default-x="124" default-y="-49">
    <pitch>
     <step>B</step>
     <alter>-1</alter>
     <octave>4</octave>
    </pitch>
    <duration>128</duration>
    <instrument id="P1-I1" />
    <voice>1</voice>
    <type>eighth</type>
    <stem>down</stem>
    <staff>1</staff>
    <beam number="1">end</beam>
    <notations>
     <slur color="#000000" type="stop" orientation="over" number="2" />
    </notations>
   </note>
   <backup>
    <duration>768</duration>
   </backup>
   <note color="#000000" default-x="20" default-y="-40">
    <pitch>
     <step>G</step>
     <octave>3</octave>
    </pitch>
    <duration>768</duration>
    <instrument id="P1-I1" />
    <voice>3</voice>
    <type>half</type>
    <dot />
    <stem>down</stem>
    <staff>2</staff>
   </note>
  </measure>
  <!--============== Part: P1, Measure: 15 ==============-->
  <measure number="15" width="219">
   <print new-system="yes">
    <system-layout>
     <system-margins>
      <left-margin>0</left-margin>
      <right-margin>0</right-margin>
     </system-margins>
     <system-distance>118</system-distance>
    </system-layout>
    <staff-layout number="2">
     <staff-distance>111</staff-distance>
    </staff-layout>
   </print>
   <attributes>
    <staff-details number="1" print-object="yes" />
    <staff-details number="2" print-object="yes" />
   </attributes>
   <note color="#000000" default-x="96" default-y="-50">
    <pitch>
     <step>C</step>
     <octave>5</octave>
    </pitch>
    <duration>256</duration>
    <instrument id="P1-I1" />
    <voice>1</voice>
    <type>quarter</type>
    <stem>down</stem>
    <staff>1</staff>
    <notations>
     <slur color="#000000" type="start" orientation="over" />
    </notations>
   </note>
   <note color="#000000" default-x="126" default-y="-5">
    <pitch>
     <step>E</step>
     <alter>-1</alter>
     <octave>4</octave>
    </pitch>
    <duration>256</duration>
    <instrument id="P1-I1" />
    <voice>1</voice>
    <type>quarter</type>
    <stem>up</stem>
    <staff>1</staff>
    <notations>
     <slur color="#000000" type="stop" orientation="over" />
    </notations>
   </note>
   <note color="#000000" default-x="157" default-y="9">
    <pitch>
     <step>G</step>
     <octave>4</octave>
    </pitch>
    <duration>64</duration>
    <instrument id="P1-I1" />
    <voice>1</voice>
    <type>16th</type>
    <stem>up</stem>
    <staff>1</staff>
    <beam number="1">begin</beam>
    <beam number="2">begin</beam>
   </note>
   <note color="#000000" default-x="176" default-y="9">
    <pitch>
     <step>A</step>
     <alter>-1</alter>
     <octave>4</octave>
    </pitch>
    <duration>64</duration>
    <instrument id="P1-I1" />
    <voice>1</voice>
    <type>16th</type>
    <stem>up</stem>
    <staff>1</staff>
    <beam number="1">continue</beam>
    <beam number="2">end</beam>
   </note>
   <note color="#000000" default-x="195" default-y="9">
    <pitch>
     <step>B</step>
     <alter>-1</alter>
     <octave>4</octave>
    </pitch>
    <duration>128</duration>
    <instrument id="P1-I1" />
    <voice>1</voice>
    <type>eighth</type>
    <stem>up</stem>
    <staff>1</staff>
    <beam number="1">end</beam>
   </note>
   <backup>
    <duration>768</duration>
   </backup>
   <note color="#000000" default-x="96" default-y="-35">
    <pitch>
     <step>A</step>
     <alter>-1</alter>
     <octave>3</octave>
    </pitch>
    <duration>256</duration>
    <instrument id="P1-I1" />
    <voice>3</voice>
    <type>quarter</type>
    <stem>down</stem>
    <staff>2</staff>
   </note>
   <note color="#000000" default-x="126" default-y="-40">
    <pitch>
     <step>G</step>
     <octave>3</octave>
    </pitch>
    <duration>256</duration>
    <instrument id="P1-I1" />
    <voice>3</voice>
    <type>quarter</type>
    <stem>down</stem>
    <staff>2</staff>
   </note>
   <note color="#000000" default-x="157" default-y="-50">
    <pitch>
     <step>E</step>
     <alter>-1</alter>
     <octave>3</octave>
    </pitch>
    <duration>256</duration>
    <instrument id="P1-I1" />
    <voice>3</voice>
    <type>quarter</type>
    <stem>down</stem>
    <staff>2</staff>
   </note>
  </measure>
  <!--============== Part: P1, Measure: 16 ==============-->
  <measure number="16" width="149">
   <attributes />
   <direction>
    <direction-type>
     <words default-x="46" default-y="-85" justify="left" valign="middle" font-family="Times New Roman" font-style="italic" font-size="12.2776" font-weight="bold">ff</words>
    </direction-type>
    <offset sound="no">256</offset>
    <voice>1</voice>
    <staff>1</staff>
   </direction>
   <note color="#000000" default-x="20" default-y="-62">
    <pitch>
     <step>F</step>
     <octave>4</octave>
    </pitch>
    <duration>512</duration>
    <instrument id="P1-I1" />
    <voice>1</voice>
    <type>half</type>
    <stem>down</stem>
    <staff>1</staff>
   </note>
   <note color="#000000" default-x="20">
    <chord />
    <pitch>
     <step>B</step>
     <alter>-1</alter>
     <octave>4</octave>
    </pitch>
    <duration>512</duration>
    <instrument id="P1-I1" />
    <type>half</type>
    <staff>1</staff>
   </note>
   <note color="#000000" default-x="81" default-y="-49">
    <pitch>
     <step>B</step>
     <alter>-1</alter>
     <octave>4</octave>
    </pitch>
    <duration>64</duration>
    <instrument id="P1-I1" />
    <voice>1</voice>
    <type>16th</type>
    <stem>down</stem>
    <staff>1</staff>
    <beam number="1">begin</beam>
    <beam number="2">begin</beam>
   </note>
   <note color="#000000" default-x="100" default-y="-49">
    <pitch>
     <step>C</step>
     <octave>5</octave>
    </pitch>
    <duration>64</duration>
    <instrument id="P1-I1" />
    <voice>1</voice>
    <type>16th</type>
    <stem>down</stem>
    <staff>1</staff>
    <beam number="1">continue</beam>
    <beam number="2">end</beam>
   </note>
   <note color="#000000" default-x="118" default-y="-49">
    <pitch>
     <step>D</step>
     <octave>5</octave>
    </pitch>
    <duration>128</duration>
    <instrument id="P1-I1" />
    <voice>1</voice>
    <type>eighth</type>
    <stem>down</stem>
    <staff>1</staff>
    <beam number="1">end</beam>
   </note>
   <backup>
    <duration>768</duration>
   </backup>
   <note color="#000000" default-x="20" default-y="-55">
    <pitch>
     <step>D</step>
     <octave>3</octave>
    </pitch>
    <duration>256</duration>
    <instrument id="P1-I1" />
    <voice>3</voice>
    <type>quarter</type>
    <stem>down</stem>
    <staff>2</staff>
   </note>
   <note color="#000000" default-x="50" default-y="5">
    <pitch>
     <step>B</step>
     <alter>-1</alter>
     <octave>2</octave>
    </pitch>
    <duration>256</duration>
    <instrument id="P1-I1" />
    <voice>3</voice>
    <type>quarter</type>
    <stem>up</stem>
    <staff>2</staff>
   </note>
   <note default-x="81">
    <rest />
    <duration>256</duration>
    <instrument id="P1-I1" />
    <voice>3</voice>
    <type>quarter</type>
    <staff>2</staff>
   </note>
  </measure>
  <!--============== Part: P1, Measure: 17 ==============-->
  <measure number="17" width="168">
   <attributes />
   <note color="#000000" default-x="20" default-y="-67">
    <pitch>
     <step>E</step>
     <alter>-1</alter>
     <octave>4</octave>
    </pitch>
    <duration>256</duration>
    <instrument id="P1-I1" />
    <voice>1</voice>
    <type>quarter</type>
    <stem>down</stem>
    <staff>1</staff>
    <notations>
     <slur color="#000000" type="start" orientation="over" />
    </notations>
   </note>
   <note color="#000000" default-x="20">
    <chord />
    <pitch>
     <step>E</step>
     <alter>-1</alter>
     <octave>5</octave>
    </pitch>
    <duration>256</duration>
    <instrument id="P1-I1" />
    <type>quarter</type>
    <staff>1</staff>
   </note>
   <note color="#000000" default-x="54" default-y="-42">
    <pitch>
     <step>D</step>
     <octave>5</octave>
    </pitch>
    <duration>64</duration>
    <instrument id="P1-I1" />
    <voice>1</voice>
    <type>16th</type>
    <stem>down</stem>
    <staff>1</staff>
    <beam number="1">begin</beam>
    <beam number="2">begin</beam>
   </note>
   <note color="#000000" default-x="72" default-y="-42">
    <pitch>
     <step>E</step>
     <alter>-1</alter>
     <octave>5</octave>
    </pitch>
    <duration>64</duration>
    <instrument id="P1-I1" />
    <voice>1</voice>
    <type>16th</type>
    <stem>down</stem>
    <staff>1</staff>
    <beam number="1">continue</beam>
    <beam number="2">end</beam>
   </note>
   <note color="#000000" default-x="91" default-y="-42">
    <pitch>
     <step>F</step>
     <octave>5</octave>
    </pitch>
    <duration>128</duration>
    <instrument id="P1-I1" />
    <voice>1</voice>
    <type>eighth</type>
    <stem>down</stem>
    <staff>1</staff>
    <beam number="1">end</beam>
   </note>
   <note color="#000000" default-x="114" default-y="-49">
    <pitch>
     <step>E</step>
     <alter>-1</alter>
     <octave>5</octave>
    </pitch>
    <duration>128</duration>
    <instrument id="P1-I1" />
    <voice>1</voice>
    <type>eighth</type>
    <stem>down</stem>
    <staff>1</staff>
    <beam number="1">begin</beam>
    <notations>
     <slur color="#000000" type="stop" orientation="over" />
    </notations>
   </note>
   <note color="#000000" default-x="137" default-y="-49">
    <pitch>
     <step>C</step>
     <octave>5</octave>
    </pitch>
    <duration>128</duration>
    <instrument id="P1-I1" />
    <voice>1</voice>
    <type>eighth</type>
    <stem>down</stem>
    <staff>1</staff>
    <beam number="1">end</beam>
   </note>
   <backup>
    <duration>768</duration>
   </backup>
   <note color="#000000" default-x="20" default-y="22">
    <pitch>
     <step>G</step>
     <octave>3</octave>
    </pitch>
    <duration>256</duration>
    <instrument id="P1-I1" />
    <voice>3</voice>
    <type>quarter</type>
    <stem>up</stem>
    <staff>2</staff>
   </note>
   <note color="#000000" default-x="54" default-y="27">
    <pitch>
     <step>A</step>
     <alter>-1</alter>
     <octave>3</octave>
    </pitch>
    <duration>256</duration>
    <instrument id="P1-I1" />
    <voice>3</voice>
    <type>quarter</type>
    <stem>up</stem>
    <staff>2</staff>
   </note>
   <note color="#000000" default-x="114" default-y="32">
    <pitch>
     <step>B</step>
     <alter>-1</alter>
     <octave>3</octave>
    </pitch>
    <duration>256</duration>
    <instrument id="P1-I1" />
    <voice>3</voice>
    <type>quarter</type>
    <stem>up</stem>
    <staff>2</staff>
   </note>
   <backup>
    <duration>768</duration>
   </backup>
   <note color="#000000" default-x="20" default-y="-42">
    <pitch>
     <step>E</step>
     <alter>-1</alter>
     <octave>3</octave>
    </pitch>
    <duration>768</duration>
    <tie type="start" />
    <instrument id="P1-I1" />
    <voice>4</voice>
    <type>half</type>
    <dot />
    <stem>down</stem>
    <staff>2</staff>
    <notations>
     <tied type="start" />
    </notations>
   </note>
  </measure>
  <!--============== Part: P1, Measure: 18 ==============-->
  <measure number="18" width="141">
   <attributes />
   <direction>
    <direction-type>
     <words default-x="12" default-y="-88" justify="left" valign="middle" font-family="Times New Roman" font-style="italic" font-size="10.9621" font-weight="normal">dim.</words>
    </direction-type>
    <voice>1</voice>
    <staff>1</staff>
   </direction>
   <note color="#000000" default-x="20" default-y="-55">
    <pitch>
     <step>B</step>
     <alter>-1</alter>
     <octave>4</octave>
    </pitch>
    <duration>384</duration>
    <instrument id="P1-I1" />
    <voice>1</voice>
    <type>quarter</type>
    <dot />
    <stem>down</stem>
    <staff>1</staff>
   </note>
   <note color="#000000" default-x="70" default-y="4">
    <pitch>
     <step>A</step>
     <alter>-1</alter>
     <octave>4</octave>
    </pitch>
    <duration>128</duration>
    <instrument id="P1-I1" />
    <voice>1</voice>
    <type>eighth</type>
    <stem>up</stem>
    <staff>1</staff>
    <beam number="1">begin</beam>
   </note>
   <note color="#000000" default-x="94" default-y="4">
    <pitch>
     <step>G</step>
     <octave>4</octave>
    </pitch>
    <duration>128</duration>
    <instrument id="P1-I1" />
    <voice>1</voice>
    <type>eighth</type>
    <stem>up</stem>
    <staff>1</staff>
    <beam number="1">continue</beam>
   </note>
   <note color="#000000" default-x="117" default-y="4">
    <pitch>
     <step>F</step>
     <octave>4</octave>
    </pitch>
    <duration>128</duration>
    <instrument id="P1-I1" />
    <voice>1</voice>
    <type>eighth</type>
    <stem>up</stem>
    <staff>1</staff>
    <beam number="1">end</beam>
   </note>
   <backup>
    <duration>768</duration>
   </backup>
   <note color="#000000" default-x="20" default-y="37">
    <pitch>
     <step>C</step>
     <octave>4</octave>
    </pitch>
    <duration>256</duration>
    <instrument id="P1-I1" />
    <voice>3</voice>
    <type>quarter</type>
    <stem>up</stem>
    <staff>2</staff>
   </note>
   <direction>
    <direction-type>
     <other-direction default-y="11" print-object="no">Open/harmonic below</other-direction>
    </direction-type>
    <voice>3</voice>
    <staff>2</staff>
   </direction>
   <note color="#000000" default-x="55" default-y="42">
    <pitch>
     <step>D</step>
     <octave>4</octave>
    </pitch>
    <duration>256</duration>
    <instrument id="P1-I1" />
    <voice>3</voice>
    <type>quarter</type>
    <stem>up</stem>
    <staff>2</staff>
   </note>
   <note color="#000000" default-x="94" default-y="32">
    <pitch>
     <step>B</step>
     <alter>-1</alter>
     <octave>3</octave>
    </pitch>
    <duration>256</duration>
    <instrument id="P1-I1" />
    <voice>3</voice>
    <type>quarter</type>
    <stem>up</stem>
    <staff>2</staff>
   </note>
   <backup>
    <duration>768</duration>
   </backup>
   <note color="#000000" default-x="20" default-y="-50">
    <pitch>
     <step>E</step>
     <alter>-1</alter>
     <octave>3</octave>
    </pitch>
    <duration>768</duration>
    <tie type="stop" />
    <tie type="start" />
    <instrument id="P1-I1" />
    <voice>4</voice>
    <type>half</type>
    <dot />
    <stem>down</stem>
    <staff>2</staff>
    <notations>
     <tied type="stop" />
     <tied type="start" />
    </notations>
   </note>
  </measure>
  <!--============== Part: P1, Measure: 19 ==============-->
  <measure number="19" width="134">
   <attributes />
   <note color="#000000" default-x="20" default-y="-5">
    <pitch>
     <step>E</step>
     <alter>-1</alter>
     <octave>4</octave>
    </pitch>
    <duration>512</duration>
    <instrument id="P1-I1" />
    <voice>1</voice>
    <type>half</type>
    <stem>up</stem>
    <staff>1</staff>
   </note>
   <note color="#000000" default-x="80" default-y="2">
    <pitch>
     <step>G</step>
     <octave>4</octave>
    </pitch>
    <duration>128</duration>
    <instrument id="P1-I1" />
    <voice>1</voice>
    <type>eighth</type>
    <stem>up</stem>
    <staff>1</staff>
    <beam number="1">begin</beam>
    <notations>
     <slur color="#000000" type="start" orientation="under" />
    </notations>
   </note>
   <note color="#000000" default-x="104" default-y="2">
    <pitch>
     <step>E</step>
     <alter>-1</alter>
     <octave>4</octave>
    </pitch>
    <duration>128</duration>
    <instrument id="P1-I1" />
    <voice>1</voice>
    <type>eighth</type>
    <stem>up</stem>
    <staff>1</staff>
    <beam number="1">end</beam>
    <notations>
     <slur color="#000000" type="stop" orientation="under" />
    </notations>
   </note>
   <backup>
    <duration>768</duration>
   </backup>
   <note color="#000000" default-x="20" default-y="47">
    <pitch>
     <step>E</step>
     <alter>-1</alter>
     <octave>4</octave>
    </pitch>
    <duration>256</duration>
    <instrument id="P1-I1" />
    <voice>3</voice>
    <type>quarter</type>
    <stem>up</stem>
    <staff>2</staff>
   </note>
   <note color="#000000" default-x="54" default-y="22">
    <pitch>
     <step>G</step>
     <octave>3</octave>
    </pitch>
    <duration>512</duration>
    <instrument id="P1-I1" />
    <voice>3</voice>
    <type>half</type>
    <stem>up</stem>
    <staff>2</staff>
   </note>
   <backup>
    <duration>768</duration>
   </backup>
   <note color="#000000" default-x="20" default-y="-50">
    <pitch>
     <step>E</step>
     <alter>-1</alter>
     <octave>3</octave>
    </pitch>
    <duration>768</duration>
    <tie type="stop" />
    <tie type="start" />
    <instrument id="P1-I1" />
    <voice>4</voice>
    <type>half</type>
    <dot />
    <stem>down</stem>
    <staff>2</staff>
    <notations>
     <tied type="stop" />
     <tied type="start" />
    </notations>
   </note>
  </measure>
  <!--============== Part: P1, Measure: 20 ==============-->
  <measure number="20" width="157">
   <attributes />
   <direction>
    <direction-type>
     <words default-x="16" default-y="-92" justify="left" valign="middle" font-family="Times New Roman" font-style="italic" font-size="12.2776" font-weight="bold">pp</words>
    </direction-type>
    <voice>1</voice>
    <staff>1</staff>
   </direction>
   <note color="#000000" default-x="20">
    <pitch>
     <step>F</step>
     <octave>4</octave>
    </pitch>
    <duration>256</duration>
    <instrument id="P1-I1" />
    <voice>1</voice>
    <type>quarter</type>
    <stem>up</stem>
    <staff>1</staff>
   </note>
   <note color="#000000" default-x="53" default-y="-10">
    <pitch>
     <step>C</step>
     <octave>4</octave>
    </pitch>
    <duration>128</duration>
    <instrument id="P1-I1" />
    <voice>1</voice>
    <type>eighth</type>
    <stem>up</stem>
    <staff>1</staff>
    <beam number="1">begin</beam>
    <notations>
     <ornaments>
      <inverted-turn default-y="16" />
     </ornaments>
    </notations>
   </note>
   <note color="#000000" default-x="78" default-y="-10">
    <pitch>
     <step>B</step>
     <alter>-1</alter>
     <octave>3</octave>
    </pitch>
    <duration>128</duration>
    <instrument id="P1-I1" />
    <voice>1</voice>
    <type>eighth</type>
    <stem>up</stem>
    <staff>1</staff>
    <beam number="1">continue</beam>
   </note>
   <note color="#000000" default-x="103" default-y="-10">
    <pitch>
     <step>C</step>
     <octave>4</octave>
    </pitch>
    <duration>128</duration>
    <instrument id="P1-I1" />
    <voice>1</voice>
    <type>eighth</type>
    <stem>up</stem>
    <staff>1</staff>
    <beam number="1">continue</beam>
   </note>
   <note color="#000000" default-x="127" default-y="-10">
    <pitch>
     <step>D</step>
     <octave>4</octave>
    </pitch>
    <duration>128</duration>
    <instrument id="P1-I1" />
    <voice>1</voice>
    <type>eighth</type>
    <stem>up</stem>
    <staff>1</staff>
    <beam number="1">end</beam>
   </note>
   <backup>
    <duration>768</duration>
   </backup>
   <note color="#000000" default-x="20" default-y="27">
    <pitch>
     <step>A</step>
     <alter>-1</alter>
     <octave>3</octave>
    </pitch>
    <duration>512</duration>
    <instrument id="P1-I1" />
    <voice>3</voice>
    <type>half</type>
    <stem>up</stem>
    <staff>2</staff>
   </note>
   <direction>
    <direction-type>
     <words default-x="95" default-y="-254" justify="left" valign="middle" font-family="Times New Roman" font-style="normal" font-size="12.2776" font-weight="normal">www.itma.ie</words>
    </direction-type>
    <voice>3</voice>
    <staff>2</staff>
   </direction>
   <note color="#000000" default-x="103" default-y="20">
    <pitch>
     <step>F</step>
     <octave>3</octave>
    </pitch>
    <duration>256</duration>
    <instrument id="P1-I1" />
    <voice>3</voice>
    <type>quarter</type>
    <stem>up</stem>
    <staff>2</staff>
   </note>
   <backup>
    <duration>768</duration>
   </backup>
   <note color="#000000" default-x="20" default-y="-50">
    <pitch>
     <step>E</step>
     <alter>-1</alter>
     <octave>3</octave>
    </pitch>
    <duration>768</duration>
    <tie type="stop" />
    <instrument id="P1-I1" />
    <voice>4</voice>
    <type>half</type>
    <dot />
    <stem>down</stem>
    <staff>2</staff>
    <notations>
     <tied type="stop" />
    </notations>
   </note>
  </measure>
  <!--============== Part: P1, Measure: 21 ==============-->
  <measure number="21" width="120">
   <attributes />
   <note color="#000000" default-x="20" default-y="-5">
    <pitch>
     <step>E</step>
     <alter>-1</alter>
     <octave>4</octave>
    </pitch>
    <duration>768</duration>
    <instrument id="P1-I1" />
    <voice>1</voice>
    <type>half</type>
    <dot />
    <stem>up</stem>
    <staff>1</staff>
   </note>
   <barline>
    <bar-style>light-heavy</bar-style>
   </barline>
   <backup>
    <duration>768</duration>
   </backup>
   <note color="#000000" default-x="20" default-y="-50">
    <pitch>
     <step>E</step>
     <alter>-1</alter>
     <octave>3</octave>
    </pitch>
    <duration>256</duration>
    <instrument id="P1-I1" />
    <voice>3</voice>
    <type>quarter</type>
    <stem>down</stem>
    <staff>2</staff>
   </note>
   <note color="#000000" default-x="20">
    <chord />
    <pitch>
     <step>G</step>
     <octave>3</octave>
    </pitch>
    <duration>256</duration>
    <instrument id="P1-I1" />
    <type>quarter</type>
    <staff>2</staff>
   </note>
   <note color="#000000" default-x="53" default-y="-15">
    <pitch>
     <step>E</step>
     <alter>-1</alter>
     <octave>2</octave>
    </pitch>
    <duration>512</duration>
    <instrument id="P1-I1" />
    <voice>3</voice>
    <type>half</type>
    <stem>up</stem>
    <staff>2</staff>
   </note>
  </measure>
 </part>
</score-partwise>
