<?xml version="1.0" encoding='UTF-8' standalone='no' ?>
<!DOCTYPE score-partwise PUBLIC "-//Recordare//DTD MusicXML 3.0 Partwise//EN" "http://www.musicxml.org/dtds/partwise.dtd">
<score-partwise version="3.0">
 <work>
  <work-title>Is Athtuirseach Géar</work-title>
 </work>
 <identification>
  <encoding>
   <encoding-date>2015-06-03</encoding-date>
   <encoder>ITMA user</encoder>
   <software>Sibelius 7.1.3</software>
   <software>Direct export, not from Dolet</software>
   <encoding-description>Sibelius / MusicXML 3.0</encoding-description>
   <supports element="print" type="yes" value="yes" attribute="new-system" />
   <supports element="print" type="yes" value="yes" attribute="new-page" />
   <supports element="accidental" type="yes" />
   <supports element="beam" type="yes" />
   <supports element="stem" type="yes" />
  </encoding>
 </identification>
 <defaults>
  <scaling>
   <millimeters>210</millimeters>
   <tenths>1272</tenths>
  </scaling>
  <page-layout>
   <page-height>824</page-height>
   <page-width>1272</page-width>
   <page-margins type="both">
    <left-margin>90</left-margin>
    <right-margin>90</right-margin>
    <top-margin>90</top-margin>
    <bottom-margin>90</bottom-margin>
   </page-margins>
  </page-layout>
  <system-layout>
   <system-distance>75</system-distance>
  </system-layout>
  <appearance>
   <line-width type="stem">0.9375</line-width>
   <line-width type="beam">5</line-width>
   <line-width type="staff">0.9375</line-width>
   <line-width type="light barline">1.5625</line-width>
   <line-width type="heavy barline">5</line-width>
   <line-width type="leger">1.5625</line-width>
   <line-width type="ending">1.5625</line-width>
   <line-width type="wedge">1.25</line-width>
   <line-width type="enclosure">0.9375</line-width>
   <line-width type="tuplet bracket">1.25</line-width>
   <line-width type="bracket">5</line-width>
   <line-width type="dashes">1.5625</line-width>
   <line-width type="extend">0.9375</line-width>
   <line-width type="octave shift">1.5625</line-width>
   <line-width type="pedal">1.5625</line-width>
   <line-width type="slur middle">1.5625</line-width>
   <line-width type="slur tip">0.625</line-width>
   <line-width type="tie middle">1.5625</line-width>
   <line-width type="tie tip">0.625</line-width>
   <note-size type="cue">75</note-size>
   <note-size type="grace">60</note-size>
  </appearance>
  <music-font font-family="Opus Std" font-size="18.7087" />
  <lyric-font font-family="Times New Roman" font-size="10.8159" />
  <lyric-language xml:lang="en" />
 </defaults>
 <credit page="1">
  <credit-words default-x="636" default-y="100" font-family="Times New Roman" font-style="normal" font-size="20.7549" font-weight="normal" justify="center" valign="middle">Is Athtuirseach Géar</credit-words>
 </credit>
 <credit page="1">
  <credit-words default-x="112" default-y="83" font-family="Times New Roman" font-style="normal" font-size="10.9621" font-weight="normal" justify="left" valign="middle">Colm Ó Lochlainn ed., An Claisceadal (36 songsheets, Dublin, 1940s)</credit-words>
 </credit>
 <part-list>
  <score-part id="P1">
   <part-name> </part-name>
   <part-name-display>
    <display-text> </display-text>
   </part-name-display>
   <part-abbreviation> </part-abbreviation>
   <part-abbreviation-display>
    <display-text> </display-text>
   </part-abbreviation-display>
   <score-instrument id="P1-I1">
    <instrument-name> </instrument-name>
    <virtual-instrument>
     <virtual-library>General MIDI</virtual-library>
    </virtual-instrument>
   </score-instrument>
  </score-part>
 </part-list>
 <part id="P1">
  <!--============== Part: P1, Measure: 1 ==============-->
  <measure number="1" width="180">
   <print new-page="yes">
    <system-layout>
     <system-margins>
      <left-margin>0</left-margin>
      <right-margin>0</right-margin>
     </system-margins>
     <top-system-distance>146</top-system-distance>
    </system-layout>
   </print>
   <attributes>
    <divisions>256</divisions>
    <key color="#000000">
     <fifths>-4</fifths>
     <mode>major</mode>
    </key>
    <time color="#000000">
     <beats>4</beats>
     <beat-type>4</beat-type>
    </time>
    <staves>1</staves>
    <clef number="1" color="#000000">
     <sign>G</sign>
     <line>2</line>
    </clef>
    <staff-details number="1" print-object="yes" />
   </attributes>
   <direction>
    <direction-type>
     <words default-x="37" default-y="22" justify="left" valign="middle" font-family="Times New Roman" font-style="italic" font-size="12.2776" font-weight="normal">Marziale</words>
    </direction-type>
    <voice>1</voice>
    <staff>1</staff>
   </direction>
   <note color="#000000" default-x="126" default-y="-5">
    <pitch>
     <step>E</step>
     <alter>-1</alter>
     <octave>4</octave>
    </pitch>
    <duration>256</duration>
    <instrument id="P1-I1" />
    <voice>1</voice>
    <type>quarter</type>
    <stem>up</stem>
    <staff>1</staff>
   </note>
  </measure>
  <!--============== Part: P1, Measure: 2 ==============-->
  <measure number="2" width="286">
   <note color="#000000" default-x="20" default-y="10">
    <pitch>
     <step>A</step>
     <alter>-1</alter>
     <octave>4</octave>
    </pitch>
    <duration>64</duration>
    <instrument id="P1-I1" />
    <voice>1</voice>
    <type>16th</type>
    <stem>up</stem>
    <staff>1</staff>
   </note>
   <note color="#000000" default-x="50" default-y="10">
    <pitch>
     <step>A</step>
     <alter>-1</alter>
     <octave>4</octave>
    </pitch>
    <duration>192</duration>
    <instrument id="P1-I1" />
    <voice>1</voice>
    <type>eighth</type>
    <dot />
    <stem>up</stem>
    <staff>1</staff>
   </note>
   <note color="#000000" default-x="97" default-y="10">
    <pitch>
     <step>A</step>
     <alter>-1</alter>
     <octave>4</octave>
    </pitch>
    <duration>256</duration>
    <instrument id="P1-I1" />
    <voice>1</voice>
    <type>quarter</type>
    <stem>up</stem>
    <staff>1</staff>
   </note>
   <direction>
    <direction-type>
     <words default-y="100" justify="right" valign="middle" font-family="Times New Roman" font-style="normal" font-size="20.7549" font-weight="normal">24a</words>
    </direction-type>
    <offset sound="no">-116</offset>
    <voice>1</voice>
    <staff>1</staff>
   </direction>
   <note color="#000000" default-x="152" default-y="10">
    <pitch>
     <step>A</step>
     <alter>-1</alter>
     <octave>4</octave>
    </pitch>
    <duration>256</duration>
    <instrument id="P1-I1" />
    <voice>1</voice>
    <type>quarter</type>
    <stem>up</stem>
    <staff>1</staff>
   </note>
   <note color="#000000" default-x="207" default-y="-10">
    <pitch>
     <step>C</step>
     <octave>4</octave>
    </pitch>
    <duration>128</duration>
    <instrument id="P1-I1" />
    <voice>1</voice>
    <type>eighth</type>
    <stem>up</stem>
    <staff>1</staff>
    <beam number="1">begin</beam>
    <notations>
     <slur color="#000000" type="start" orientation="under" />
    </notations>
   </note>
   <note color="#000000" default-x="246" default-y="-10">
    <pitch>
     <step>D</step>
     <alter>-1</alter>
     <octave>4</octave>
    </pitch>
    <duration>128</duration>
    <instrument id="P1-I1" />
    <voice>1</voice>
    <type>eighth</type>
    <stem>up</stem>
    <staff>1</staff>
    <beam number="1">end</beam>
    <notations>
     <slur color="#000000" type="stop" orientation="under" />
    </notations>
   </note>
  </measure>
  <!--============== Part: P1, Measure: 3 ==============-->
  <measure number="3" width="288">
   <note color="#000000" default-x="20" default-y="-5">
    <pitch>
     <step>E</step>
     <alter>-1</alter>
     <octave>4</octave>
    </pitch>
    <duration>256</duration>
    <instrument id="P1-I1" />
    <voice>1</voice>
    <type>quarter</type>
    <stem>up</stem>
    <staff>1</staff>
   </note>
   <note color="#000000" default-x="74">
    <pitch>
     <step>F</step>
     <octave>4</octave>
    </pitch>
    <duration>128</duration>
    <instrument id="P1-I1" />
    <voice>1</voice>
    <type>eighth</type>
    <stem>up</stem>
    <staff>1</staff>
    <beam number="1">begin</beam>
    <notations>
     <slur color="#000000" type="start" orientation="under" />
    </notations>
   </note>
   <note color="#000000" default-x="114">
    <pitch>
     <step>G</step>
     <octave>4</octave>
    </pitch>
    <duration>128</duration>
    <instrument id="P1-I1" />
    <voice>1</voice>
    <type>eighth</type>
    <stem>up</stem>
    <staff>1</staff>
    <beam number="1">end</beam>
    <notations>
     <slur color="#000000" type="stop" orientation="under" />
    </notations>
   </note>
   <note color="#000000" default-x="154" default-y="10">
    <pitch>
     <step>A</step>
     <alter>-1</alter>
     <octave>4</octave>
    </pitch>
    <duration>256</duration>
    <instrument id="P1-I1" />
    <voice>1</voice>
    <type>quarter</type>
    <stem>up</stem>
    <staff>1</staff>
   </note>
   <note default-x="208">
    <rest />
    <duration>128</duration>
    <instrument id="P1-I1" />
    <voice>1</voice>
    <type>eighth</type>
    <staff>1</staff>
   </note>
   <note color="#000000" default-x="248" default-y="-55">
    <pitch>
     <step>B</step>
     <alter>-1</alter>
     <octave>4</octave>
    </pitch>
    <duration>128</duration>
    <instrument id="P1-I1" />
    <voice>1</voice>
    <type>eighth</type>
    <stem>down</stem>
    <staff>1</staff>
   </note>
  </measure>
  <!--============== Part: P1, Measure: 4 ==============-->
  <measure number="4" width="335">
   <note color="#000000" default-x="20" default-y="-50">
    <pitch>
     <step>C</step>
     <octave>5</octave>
    </pitch>
    <duration>64</duration>
    <instrument id="P1-I1" />
    <voice>1</voice>
    <type>16th</type>
    <stem>down</stem>
    <staff>1</staff>
   </note>
   <note color="#000000" default-x="50" default-y="-50">
    <pitch>
     <step>C</step>
     <octave>5</octave>
    </pitch>
    <duration>192</duration>
    <instrument id="P1-I1" />
    <voice>1</voice>
    <type>eighth</type>
    <dot />
    <stem>down</stem>
    <staff>1</staff>
   </note>
   <note color="#000000" default-x="97">
    <pitch>
     <step>F</step>
     <octave>4</octave>
    </pitch>
    <duration>128</duration>
    <instrument id="P1-I1" />
    <voice>1</voice>
    <type>eighth</type>
    <stem>up</stem>
    <staff>1</staff>
    <beam number="1">begin</beam>
    <notations>
     <slur color="#000000" type="start" orientation="under" />
    </notations>
   </note>
   <note color="#000000" default-x="137">
    <pitch>
     <step>G</step>
     <octave>4</octave>
    </pitch>
    <duration>128</duration>
    <instrument id="P1-I1" />
    <voice>1</voice>
    <type>eighth</type>
    <stem>up</stem>
    <staff>1</staff>
    <beam number="1">end</beam>
    <notations>
     <slur color="#000000" type="stop" orientation="under" />
    </notations>
   </note>
   <note color="#000000" default-x="176" default-y="9">
    <pitch>
     <step>A</step>
     <alter>-1</alter>
     <octave>4</octave>
    </pitch>
    <duration>128</duration>
    <instrument id="P1-I1" />
    <voice>1</voice>
    <type>eighth</type>
    <stem>up</stem>
    <staff>1</staff>
    <beam number="1">begin</beam>
    <notations>
     <slur color="#000000" type="start" orientation="under" />
    </notations>
   </note>
   <note color="#000000" default-x="216" default-y="9">
    <pitch>
     <step>B</step>
     <alter>-1</alter>
     <octave>4</octave>
    </pitch>
    <duration>128</duration>
    <instrument id="P1-I1" />
    <voice>1</voice>
    <type>eighth</type>
    <stem>up</stem>
    <staff>1</staff>
    <beam number="1">end</beam>
    <notations>
     <slur color="#000000" type="stop" orientation="under" />
    </notations>
   </note>
   <note color="#000000" default-x="255" default-y="-44">
    <pitch>
     <step>C</step>
     <octave>5</octave>
    </pitch>
    <duration>128</duration>
    <instrument id="P1-I1" />
    <voice>1</voice>
    <type>eighth</type>
    <stem>down</stem>
    <staff>1</staff>
    <beam number="1">begin</beam>
    <notations>
     <slur color="#000000" type="start" orientation="over" />
    </notations>
   </note>
   <note color="#000000" default-x="295" default-y="-44">
    <pitch>
     <step>D</step>
     <octave>5</octave>
    </pitch>
    <duration>128</duration>
    <instrument id="P1-I1" />
    <voice>1</voice>
    <type>eighth</type>
    <accidental>natural</accidental>
    <stem>down</stem>
    <staff>1</staff>
    <beam number="1">end</beam>
    <notations>
     <slur color="#000000" type="stop" orientation="over" />
    </notations>
   </note>
  </measure>
  <!--============== Part: P1, Measure: 5 ==============-->
  <measure number="5" width="530">
   <print new-system="yes">
    <system-layout>
     <system-margins>
      <left-margin>0</left-margin>
      <right-margin>0</right-margin>
     </system-margins>
     <system-distance>85</system-distance>
    </system-layout>
   </print>
   <attributes>
    <staff-details number="1" print-object="yes" />
   </attributes>
   <direction>
    <direction-type>
     <words default-x="92" default-y="18" justify="left" valign="middle" font-family="Times New Roman" font-style="italic" font-size="12.2776" font-weight="normal">poco rall.</words>
    </direction-type>
    <voice>1</voice>
    <staff>1</staff>
   </direction>
   <note color="#000000" default-x="107" default-y="-40">
    <pitch>
     <step>E</step>
     <alter>-1</alter>
     <octave>5</octave>
    </pitch>
    <duration>256</duration>
    <instrument id="P1-I1" />
    <voice>1</voice>
    <type>quarter</type>
    <stem>down</stem>
    <staff>1</staff>
   </note>
   <note color="#000000" default-x="202" default-y="-35">
    <pitch>
     <step>F</step>
     <octave>5</octave>
    </pitch>
    <duration>256</duration>
    <instrument id="P1-I1" />
    <voice>1</voice>
    <type>quarter</type>
    <stem>down</stem>
    <staff>1</staff>
   </note>
   <note color="#000000" default-x="280" default-y="25">
    <grace />
    <pitch>
     <step>G</step>
     <octave>5</octave>
    </pitch>
    <instrument id="P1-I1" />
    <voice>1</voice>
    <type>16th</type>
    <stem>up</stem>
    <staff>1</staff>
    <notations>
     <slur color="#000000" type="start" orientation="over" />
     <fermata>normal</fermata>
    </notations>
   </note>
   <note color="#000000" default-x="297" default-y="-35">
    <pitch>
     <step>F</step>
     <octave>5</octave>
    </pitch>
    <duration>256</duration>
    <instrument id="P1-I1" />
    <voice>1</voice>
    <type>quarter</type>
    <stem>down</stem>
    <staff>1</staff>
   </note>
   <note color="#000000" default-x="345" default-y="-24">
    <grace />
    <pitch>
     <step>G</step>
     <octave>5</octave>
    </pitch>
    <instrument id="P1-I1" />
    <voice>1</voice>
    <type>16th</type>
    <stem>down</stem>
    <staff>1</staff>
    <beam number="1">begin</beam>
    <beam number="2">begin</beam>
   </note>
   <note color="#000000" default-x="360" default-y="-24">
    <grace />
    <pitch>
     <step>F</step>
     <octave>5</octave>
    </pitch>
    <instrument id="P1-I1" />
    <voice>1</voice>
    <type>16th</type>
    <stem>down</stem>
    <staff>1</staff>
    <beam number="1">continue</beam>
    <beam number="2">continue</beam>
   </note>
   <note color="#000000" default-x="375" default-y="-24">
    <grace />
    <pitch>
     <step>E</step>
     <alter>-1</alter>
     <octave>5</octave>
    </pitch>
    <instrument id="P1-I1" />
    <voice>1</voice>
    <type>16th</type>
    <stem>down</stem>
    <staff>1</staff>
    <beam number="1">end</beam>
    <beam number="2">end</beam>
   </note>
   <note color="#000000" default-x="392" default-y="-50">
    <pitch>
     <step>C</step>
     <octave>5</octave>
    </pitch>
    <duration>128</duration>
    <instrument id="P1-I1" />
    <voice>1</voice>
    <type>eighth</type>
    <stem>down</stem>
    <staff>1</staff>
    <notations>
     <slur color="#000000" type="stop" orientation="over" />
    </notations>
   </note>
   <note color="#000000" default-x="461" default-y="-55">
    <pitch>
     <step>B</step>
     <alter>-1</alter>
     <octave>4</octave>
    </pitch>
    <duration>128</duration>
    <instrument id="P1-I1" />
    <voice>1</voice>
    <type>eighth</type>
    <stem>down</stem>
    <staff>1</staff>
   </note>
  </measure>
  <!--============== Part: P1, Measure: 6 ==============-->
  <measure number="6" width="560">
   <direction>
    <direction-type>
     <words default-x="5" default-y="18" justify="left" valign="middle" font-family="Times New Roman" font-style="italic" font-size="12.2776" font-weight="normal">a tempo</words>
    </direction-type>
    <voice>1</voice>
    <staff>1</staff>
   </direction>
   <note color="#000000" default-x="20" default-y="10">
    <pitch>
     <step>A</step>
     <alter>-1</alter>
     <octave>4</octave>
    </pitch>
    <duration>64</duration>
    <instrument id="P1-I1" />
    <voice>1</voice>
    <type>16th</type>
    <stem>up</stem>
    <staff>1</staff>
   </note>
   <note color="#000000" default-x="72" default-y="10">
    <pitch>
     <step>A</step>
     <alter>-1</alter>
     <octave>4</octave>
    </pitch>
    <duration>192</duration>
    <instrument id="P1-I1" />
    <voice>1</voice>
    <type>eighth</type>
    <dot />
    <stem>up</stem>
    <staff>1</staff>
   </note>
   <note color="#000000" default-x="154" default-y="4">
    <pitch>
     <step>A</step>
     <alter>-1</alter>
     <octave>4</octave>
    </pitch>
    <duration>128</duration>
    <instrument id="P1-I1" />
    <voice>1</voice>
    <type>eighth</type>
    <stem>up</stem>
    <staff>1</staff>
    <beam number="1">begin</beam>
    <notations>
     <slur color="#000000" type="start" orientation="under" />
    </notations>
   </note>
   <note color="#000000" default-x="223" default-y="4">
    <pitch>
     <step>G</step>
     <octave>4</octave>
    </pitch>
    <duration>128</duration>
    <instrument id="P1-I1" />
    <voice>1</voice>
    <type>eighth</type>
    <stem>up</stem>
    <staff>1</staff>
    <beam number="1">end</beam>
    <notations>
     <slur color="#000000" type="stop" orientation="under" />
    </notations>
   </note>
   <note color="#000000" default-x="291">
    <pitch>
     <step>F</step>
     <octave>4</octave>
    </pitch>
    <duration>192</duration>
    <instrument id="P1-I1" />
    <voice>1</voice>
    <type>eighth</type>
    <dot />
    <stem>up</stem>
    <staff>1</staff>
    <beam number="1">begin</beam>
    <notations>
     <slur color="#000000" type="start" orientation="under" />
    </notations>
   </note>
   <note color="#000000" default-x="373">
    <pitch>
     <step>G</step>
     <octave>4</octave>
    </pitch>
    <duration>64</duration>
    <instrument id="P1-I1" />
    <voice>1</voice>
    <type>16th</type>
    <stem>up</stem>
    <staff>1</staff>
    <beam number="1">end</beam>
    <beam number="2">backward hook</beam>
    <notations>
     <slur color="#000000" type="stop" orientation="under" />
    </notations>
   </note>
   <note color="#000000" default-x="425" default-y="9">
    <pitch>
     <step>A</step>
     <alter>-1</alter>
     <octave>4</octave>
    </pitch>
    <duration>64</duration>
    <instrument id="P1-I1" />
    <voice>1</voice>
    <type>16th</type>
    <stem>up</stem>
    <staff>1</staff>
    <beam number="1">begin</beam>
    <beam number="2">forward hook</beam>
    <notations>
     <slur color="#000000" type="start" orientation="under" />
    </notations>
   </note>
   <note color="#000000" default-x="478" default-y="9">
    <pitch>
     <step>F</step>
     <octave>4</octave>
    </pitch>
    <duration>192</duration>
    <instrument id="P1-I1" />
    <voice>1</voice>
    <type>eighth</type>
    <dot />
    <stem>up</stem>
    <staff>1</staff>
    <beam number="1">end</beam>
    <notations>
     <slur color="#000000" type="stop" orientation="under" />
    </notations>
   </note>
  </measure>
  <!--============== Part: P1, Measure: 7 ==============-->
  <measure number="7" width="411">
   <print new-system="yes">
    <system-layout>
     <system-margins>
      <left-margin>0</left-margin>
      <right-margin>0</right-margin>
     </system-margins>
     <system-distance>85</system-distance>
    </system-layout>
   </print>
   <attributes>
    <staff-details number="1" print-object="yes" />
   </attributes>
   <note color="#000000" default-x="107" default-y="-5">
    <pitch>
     <step>E</step>
     <alter>-1</alter>
     <octave>4</octave>
    </pitch>
    <duration>256</duration>
    <instrument id="P1-I1" />
    <voice>1</voice>
    <type>quarter</type>
    <stem>up</stem>
    <staff>1</staff>
   </note>
   <note color="#000000" default-x="169">
    <pitch>
     <step>F</step>
     <octave>4</octave>
    </pitch>
    <duration>128</duration>
    <instrument id="P1-I1" />
    <voice>1</voice>
    <type>eighth</type>
    <stem>up</stem>
    <staff>1</staff>
    <beam number="1">begin</beam>
    <notations>
     <slur color="#000000" type="start" orientation="under" />
    </notations>
   </note>
   <note color="#000000" default-x="214">
    <pitch>
     <step>G</step>
     <octave>4</octave>
    </pitch>
    <duration>128</duration>
    <instrument id="P1-I1" />
    <voice>1</voice>
    <type>eighth</type>
    <stem>up</stem>
    <staff>1</staff>
    <beam number="1">end</beam>
    <notations>
     <slur color="#000000" type="stop" orientation="under" />
    </notations>
   </note>
   <note color="#000000" default-x="259" default-y="10">
    <pitch>
     <step>A</step>
     <alter>-1</alter>
     <octave>4</octave>
    </pitch>
    <duration>256</duration>
    <instrument id="P1-I1" />
    <voice>1</voice>
    <type>quarter</type>
    <stem>up</stem>
    <staff>1</staff>
   </note>
   <note color="#000000" default-x="321" default-y="-39">
    <pitch>
     <step>F</step>
     <octave>5</octave>
    </pitch>
    <duration>128</duration>
    <instrument id="P1-I1" />
    <voice>1</voice>
    <type>eighth</type>
    <stem>down</stem>
    <staff>1</staff>
    <beam number="1">begin</beam>
    <notations>
     <slur color="#000000" type="start" orientation="over" />
    </notations>
   </note>
   <note color="#000000" default-x="366" default-y="-39">
    <pitch>
     <step>E</step>
     <alter>-1</alter>
     <octave>5</octave>
    </pitch>
    <duration>128</duration>
    <instrument id="P1-I1" />
    <voice>1</voice>
    <type>eighth</type>
    <stem>down</stem>
    <staff>1</staff>
    <beam number="1">end</beam>
    <notations>
     <slur color="#000000" type="stop" orientation="over" />
    </notations>
   </note>
  </measure>
  <!--============== Part: P1, Measure: 8 ==============-->
  <measure number="8" width="350">
   <note color="#000000" default-x="20" default-y="-50">
    <pitch>
     <step>C</step>
     <octave>5</octave>
    </pitch>
    <duration>64</duration>
    <instrument id="P1-I1" />
    <voice>1</voice>
    <type>16th</type>
    <stem>down</stem>
    <staff>1</staff>
   </note>
   <note color="#000000" default-x="54" default-y="-50">
    <pitch>
     <step>C</step>
     <octave>5</octave>
    </pitch>
    <duration>192</duration>
    <instrument id="P1-I1" />
    <voice>1</voice>
    <type>eighth</type>
    <dot />
    <stem>down</stem>
    <staff>1</staff>
    <notations>
     <slur color="#000000" type="start" orientation="over" />
    </notations>
   </note>
   <note color="#000000" default-x="107" default-y="-50">
    <pitch>
     <step>C</step>
     <octave>5</octave>
    </pitch>
    <duration>128</duration>
    <instrument id="P1-I1" />
    <voice>1</voice>
    <type>eighth</type>
    <stem>down</stem>
    <staff>1</staff>
    <notations>
     <slur color="#000000" type="stop" orientation="over" />
    </notations>
   </note>
   <note color="#000000" default-x="152" default-y="-55">
    <pitch>
     <step>B</step>
     <alter>-1</alter>
     <octave>4</octave>
    </pitch>
    <duration>128</duration>
    <instrument id="P1-I1" />
    <voice>1</voice>
    <type>eighth</type>
    <stem>down</stem>
    <staff>1</staff>
   </note>
   <note color="#000000" default-x="197" default-y="4">
    <pitch>
     <step>A</step>
     <alter>-1</alter>
     <octave>4</octave>
    </pitch>
    <duration>128</duration>
    <instrument id="P1-I1" />
    <voice>1</voice>
    <type>eighth</type>
    <stem>up</stem>
    <staff>1</staff>
    <beam number="1">begin</beam>
    <notations>
     <slur color="#000000" type="start" orientation="under" />
    </notations>
   </note>
   <note color="#000000" default-x="242" default-y="4">
    <pitch>
     <step>F</step>
     <octave>4</octave>
    </pitch>
    <duration>128</duration>
    <instrument id="P1-I1" />
    <voice>1</voice>
    <type>eighth</type>
    <stem>up</stem>
    <staff>1</staff>
    <beam number="1">end</beam>
    <notations>
     <slur color="#000000" type="stop" orientation="under" />
    </notations>
   </note>
   <note color="#000000" default-x="287" default-y="-5">
    <pitch>
     <step>E</step>
     <alter>-1</alter>
     <octave>4</octave>
    </pitch>
    <duration>256</duration>
    <instrument id="P1-I1" />
    <voice>1</voice>
    <type>quarter</type>
    <stem>up</stem>
    <staff>1</staff>
   </note>
  </measure>
  <!--============== Part: P1, Measure: 9 ==============-->
  <measure number="9" width="329">
   <note color="#000000" default-x="20">
    <pitch>
     <step>F</step>
     <octave>4</octave>
    </pitch>
    <duration>384</duration>
    <instrument id="P1-I1" />
    <voice>1</voice>
    <type>quarter</type>
    <dot />
    <stem>up</stem>
    <staff>1</staff>
   </note>
   <note color="#000000" default-x="104">
    <pitch>
     <step>F</step>
     <octave>4</octave>
    </pitch>
    <duration>128</duration>
    <instrument id="P1-I1" />
    <voice>1</voice>
    <type>eighth</type>
    <stem>up</stem>
    <staff>1</staff>
   </note>
   <note color="#000000" default-x="149">
    <pitch>
     <step>F</step>
     <octave>4</octave>
    </pitch>
    <duration>128</duration>
    <instrument id="P1-I1" />
    <voice>1</voice>
    <type>eighth</type>
    <stem>up</stem>
    <staff>1</staff>
    <beam number="1">begin</beam>
    <notations>
     <slur color="#000000" type="start" orientation="under" />
    </notations>
   </note>
   <note color="#000000" default-x="194">
    <pitch>
     <step>G</step>
     <octave>4</octave>
    </pitch>
    <duration>128</duration>
    <instrument id="P1-I1" />
    <voice>1</voice>
    <type>eighth</type>
    <stem>up</stem>
    <staff>1</staff>
    <beam number="1">end</beam>
   </note>
   <note color="#000000" default-x="239" default-y="10">
    <pitch>
     <step>A</step>
     <alter>-1</alter>
     <octave>4</octave>
    </pitch>
    <duration>128</duration>
    <instrument id="P1-I1" />
    <voice>1</voice>
    <type>eighth</type>
    <stem>up</stem>
    <staff>1</staff>
    <notations>
     <slur color="#000000" type="stop" orientation="under" />
    </notations>
   </note>
   <note color="#000000" default-x="284" default-y="10">
    <pitch>
     <step>A</step>
     <alter>-1</alter>
     <octave>4</octave>
    </pitch>
    <duration>128</duration>
    <instrument id="P1-I1" />
    <voice>1</voice>
    <type>eighth</type>
    <stem>up</stem>
    <staff>1</staff>
   </note>
  </measure>
  <!--============== Part: P1, Measure: 10 ==============-->
  <measure number="10" width="365">
   <print new-system="yes">
    <system-layout>
     <system-margins>
      <left-margin>0</left-margin>
      <right-margin>0</right-margin>
     </system-margins>
     <system-distance>85</system-distance>
    </system-layout>
   </print>
   <attributes>
    <staff-details number="1" print-object="yes" />
   </attributes>
   <direction>
    <direction-type>
     <words default-x="98" default-y="17" justify="left" valign="middle" font-family="Times New Roman" font-style="italic" font-size="12.2776" font-weight="normal">allarg. ad lib.</words>
    </direction-type>
    <voice>1</voice>
    <staff>1</staff>
   </direction>
   <note color="#000000" default-x="107" default-y="-5">
    <pitch>
     <step>E</step>
     <alter>-1</alter>
     <octave>4</octave>
    </pitch>
    <duration>384</duration>
    <instrument id="P1-I1" />
    <voice>1</voice>
    <type>quarter</type>
    <dot />
    <stem>up</stem>
    <staff>1</staff>
   </note>
   <note color="#000000" default-x="192" default-y="-15">
    <pitch>
     <step>C</step>
     <octave>4</octave>
    </pitch>
    <duration>128</duration>
    <instrument id="P1-I1" />
    <voice>1</voice>
    <type>eighth</type>
    <stem>up</stem>
    <staff>1</staff>
   </note>
   <note color="#000000" default-x="238" default-y="-5">
    <pitch>
     <step>E</step>
     <alter>-1</alter>
     <octave>4</octave>
    </pitch>
    <duration>256</duration>
    <instrument id="P1-I1" />
    <voice>1</voice>
    <type>quarter</type>
    <stem>up</stem>
    <staff>1</staff>
   </note>
   <note color="#000000" default-x="302" default-y="-40">
    <pitch>
     <step>E</step>
     <alter>-1</alter>
     <octave>5</octave>
    </pitch>
    <duration>256</duration>
    <instrument id="P1-I1" />
    <voice>1</voice>
    <type>quarter</type>
    <stem>down</stem>
    <staff>1</staff>
    <notations>
     <slur color="#000000" type="start" orientation="over" />
    </notations>
   </note>
  </measure>
  <!--============== Part: P1, Measure: 11 ==============-->
  <measure number="11" width="495">
   <note color="#000000" default-x="20" default-y="-40">
    <pitch>
     <step>F</step>
     <octave>5</octave>
    </pitch>
    <duration>256</duration>
    <instrument id="P1-I1" />
    <voice>1</voice>
    <type>quarter</type>
    <stem>down</stem>
    <staff>1</staff>
    <notations>
     <slur color="#000000" type="start" orientation="over" number="2" />
    </notations>
   </note>
   <note color="#000000" default-x="83" default-y="-49">
    <pitch>
     <step>F</step>
     <octave>5</octave>
    </pitch>
    <duration>42</duration>
    <instrument id="P1-I1" />
    <voice>1</voice>
    <type>16th</type>
    <time-modification>
     <actual-notes>3</actual-notes>
     <normal-notes>2</normal-notes>
     <normal-type>eighth</normal-type>
    </time-modification>
    <stem>down</stem>
    <staff>1</staff>
    <beam number="1">begin</beam>
    <beam number="2">begin</beam>
    <notations>
     <tuplet type="start" bracket="no" number="1" default-y="-20" placement="below" />
     <slur color="#000000" type="stop" orientation="over" number="2" />
    </notations>
   </note>
   <note color="#000000" default-x="114" default-y="-49">
    <pitch>
     <step>G</step>
     <octave>5</octave>
    </pitch>
    <duration>43</duration>
    <instrument id="P1-I1" />
    <voice>1</voice>
    <type>16th</type>
    <time-modification>
     <actual-notes>3</actual-notes>
     <normal-notes>2</normal-notes>
     <normal-type>eighth</normal-type>
    </time-modification>
    <stem>down</stem>
    <staff>1</staff>
    <beam number="1">continue</beam>
    <beam number="2">continue</beam>
   </note>
   <direction>
    <direction-type>
     <words default-x="153" default-y="-64" justify="left" valign="middle" font-family="Opus Text Std" font-style="normal" font-size="9.2082" font-weight="normal">6</words>
    </direction-type>
    <voice>1</voice>
    <staff>1</staff>
   </direction>
   <note color="#000000" default-x="145" default-y="-49">
    <pitch>
     <step>F</step>
     <octave>5</octave>
    </pitch>
    <duration>43</duration>
    <instrument id="P1-I1" />
    <voice>1</voice>
    <type>16th</type>
    <time-modification>
     <actual-notes>3</actual-notes>
     <normal-notes>2</normal-notes>
     <normal-type>eighth</normal-type>
    </time-modification>
    <stem>down</stem>
    <staff>1</staff>
    <beam number="1">continue</beam>
    <beam number="2">continue</beam>
   </note>
   <note color="#000000" default-x="176" default-y="-49">
    <pitch>
     <step>E</step>
     <alter>-1</alter>
     <octave>5</octave>
    </pitch>
    <duration>42</duration>
    <instrument id="P1-I1" />
    <voice>1</voice>
    <type>16th</type>
    <time-modification>
     <actual-notes>3</actual-notes>
     <normal-notes>2</normal-notes>
     <normal-type>eighth</normal-type>
    </time-modification>
    <stem>down</stem>
    <staff>1</staff>
    <beam number="1">continue</beam>
    <beam number="2">continue</beam>
   </note>
   <note color="#000000" default-x="207" default-y="-49">
    <pitch>
     <step>C</step>
     <octave>5</octave>
    </pitch>
    <duration>43</duration>
    <instrument id="P1-I1" />
    <voice>1</voice>
    <type>16th</type>
    <time-modification>
     <actual-notes>3</actual-notes>
     <normal-notes>2</normal-notes>
     <normal-type>eighth</normal-type>
    </time-modification>
    <stem>down</stem>
    <staff>1</staff>
    <beam number="1">continue</beam>
    <beam number="2">continue</beam>
   </note>
   <note color="#000000" default-x="239" default-y="-49">
    <pitch>
     <step>B</step>
     <alter>-1</alter>
     <octave>4</octave>
    </pitch>
    <duration>43</duration>
    <instrument id="P1-I1" />
    <voice>1</voice>
    <type>16th</type>
    <time-modification>
     <actual-notes>3</actual-notes>
     <normal-notes>2</normal-notes>
     <normal-type>eighth</normal-type>
    </time-modification>
    <stem>down</stem>
    <staff>1</staff>
    <beam number="1">end</beam>
    <beam number="2">end</beam>
    <notations>
     <tuplet type="stop" bracket="no" number="1" default-y="-20" placement="below" />
    </notations>
   </note>
   <note color="#000000" default-x="270" default-y="-47">
    <pitch>
     <step>C</step>
     <octave>5</octave>
    </pitch>
    <duration>256</duration>
    <tie type="start" />
    <instrument id="P1-I1" />
    <voice>1</voice>
    <type>half</type>
    <time-modification>
     <actual-notes>2</actual-notes>
     <normal-notes>1</normal-notes>
    </time-modification>
    <stem>down</stem>
    <staff>1</staff>
    <notations>
     <tied type="start" />
     <ornaments>
      <tremolo type="start">1</tremolo>
     </ornaments>
    </notations>
   </note>
   <note color="#000000" default-x="333" default-y="-49">
    <pitch>
     <step>C</step>
     <octave>5</octave>
    </pitch>
    <duration>42</duration>
    <tie type="stop" />
    <instrument id="P1-I1" />
    <voice>1</voice>
    <type>16th</type>
    <time-modification>
     <actual-notes>3</actual-notes>
     <normal-notes>2</normal-notes>
     <normal-type>eighth</normal-type>
    </time-modification>
    <stem>down</stem>
    <staff>1</staff>
    <beam number="1">begin</beam>
    <beam number="2">begin</beam>
    <notations>
     <tuplet type="start" bracket="yes" number="1" default-y="-62" placement="above" />
     <tied type="stop" />
    </notations>
   </note>
   <note color="#000000" default-x="364" default-y="-49">
    <pitch>
     <step>B</step>
     <alter>-1</alter>
     <octave>4</octave>
    </pitch>
    <duration>43</duration>
    <instrument id="P1-I1" />
    <voice>1</voice>
    <type>16th</type>
    <time-modification>
     <actual-notes>3</actual-notes>
     <normal-notes>2</normal-notes>
     <normal-type>eighth</normal-type>
    </time-modification>
    <stem>down</stem>
    <staff>1</staff>
    <beam number="1">end</beam>
    <beam number="2">end</beam>
   </note>
   <note color="#000000" default-x="395" default-y="12">
    <pitch>
     <step>A</step>
     <alter>-1</alter>
     <octave>4</octave>
    </pitch>
    <duration>43</duration>
    <instrument id="P1-I1" />
    <voice>1</voice>
    <type>16th</type>
    <time-modification>
     <actual-notes>3</actual-notes>
     <normal-notes>2</normal-notes>
     <normal-type>eighth</normal-type>
    </time-modification>
    <stem>up</stem>
    <staff>1</staff>
    <beam number="1">begin</beam>
    <beam number="2">begin</beam>
   </note>
   <note color="#000000" default-x="426" default-y="12">
    <pitch>
     <step>F</step>
     <octave>4</octave>
    </pitch>
    <duration>42</duration>
    <instrument id="P1-I1" />
    <voice>1</voice>
    <type>16th</type>
    <time-modification>
     <actual-notes>3</actual-notes>
     <normal-notes>2</normal-notes>
     <normal-type>eighth</normal-type>
    </time-modification>
    <stem>up</stem>
    <staff>1</staff>
    <beam number="1">end</beam>
    <beam number="2">end</beam>
    <notations>
     <slur color="#000000" type="stop" orientation="over" />
    </notations>
   </note>
   <note color="#000000" default-x="458" default-y="-5">
    <pitch>
     <step>E</step>
     <alter>-1</alter>
     <octave>4</octave>
    </pitch>
    <duration>86</duration>
    <instrument id="P1-I1" />
    <voice>1</voice>
    <type>eighth</type>
    <time-modification>
     <actual-notes>3</actual-notes>
     <normal-notes>2</normal-notes>
     <normal-type>eighth</normal-type>
    </time-modification>
    <stem>up</stem>
    <staff>1</staff>
    <notations>
     <tuplet type="stop" bracket="yes" number="1" default-y="-62" placement="above" />
    </notations>
   </note>
   <backup>
    <duration>1024</duration>
   </backup>
   <note print-object="no" default-x="20">
    <rest />
    <duration>512</duration>
    <instrument id="P1-I1" />
    <voice>2</voice>
    <type>half</type>
    <staff>1</staff>
   </note>
   <note print-object="no" default-x="270">
    <rest />
    <duration>256</duration>
    <instrument id="P1-I1" />
    <voice>2</voice>
    <type>half</type>
    <staff>1</staff>
   </note>
   <note print-object="no" color="#000000" default-x="333" default-y="-67">
    <pitch>
     <step>C</step>
     <octave>5</octave>
    </pitch>
    <duration>42</duration>
    <instrument id="P1-I1" />
    <voice>2</voice>
    <type>16th</type>
    <time-modification>
     <actual-notes>6</actual-notes>
     <normal-notes>4</normal-notes>
     <normal-type>16th</normal-type>
    </time-modification>
    <stem>down</stem>
    <staff>1</staff>
    <beam number="1">begin</beam>
    <beam number="2">begin</beam>
    <notations>
     <tuplet type="start" bracket="no" number="1" default-y="-20" placement="below" />
    </notations>
   </note>
   <note print-object="no" color="#000000" default-x="364" default-y="-67">
    <pitch>
     <step>B</step>
     <alter>-1</alter>
     <octave>4</octave>
    </pitch>
    <duration>43</duration>
    <instrument id="P1-I1" />
    <voice>2</voice>
    <type>16th</type>
    <time-modification>
     <actual-notes>6</actual-notes>
     <normal-notes>4</normal-notes>
     <normal-type>16th</normal-type>
    </time-modification>
    <stem>down</stem>
    <staff>1</staff>
    <beam number="1">continue</beam>
    <beam number="2">continue</beam>
   </note>
   <note print-object="no" color="#000000" default-x="395" default-y="-67">
    <pitch>
     <step>A</step>
     <alter>-1</alter>
     <octave>4</octave>
    </pitch>
    <duration>43</duration>
    <instrument id="P1-I1" />
    <voice>2</voice>
    <type>16th</type>
    <time-modification>
     <actual-notes>6</actual-notes>
     <normal-notes>4</normal-notes>
     <normal-type>16th</normal-type>
    </time-modification>
    <stem>down</stem>
    <staff>1</staff>
    <beam number="1">continue</beam>
    <beam number="2">continue</beam>
   </note>
   <note print-object="no" color="#000000" default-x="426" default-y="-67">
    <pitch>
     <step>F</step>
     <octave>4</octave>
    </pitch>
    <duration>42</duration>
    <instrument id="P1-I1" />
    <voice>2</voice>
    <type>16th</type>
    <time-modification>
     <actual-notes>6</actual-notes>
     <normal-notes>4</normal-notes>
     <normal-type>16th</normal-type>
    </time-modification>
    <stem>down</stem>
    <staff>1</staff>
    <beam number="1">continue</beam>
    <beam number="2">end</beam>
   </note>
   <note print-object="no" color="#000000" default-x="458" default-y="-67">
    <pitch>
     <step>E</step>
     <alter>-1</alter>
     <octave>4</octave>
    </pitch>
    <duration>86</duration>
    <instrument id="P1-I1" />
    <voice>2</voice>
    <type>eighth</type>
    <time-modification>
     <actual-notes>6</actual-notes>
     <normal-notes>4</normal-notes>
     <normal-type>16th</normal-type>
    </time-modification>
    <stem>down</stem>
    <staff>1</staff>
    <beam number="1">end</beam>
    <notations>
     <tuplet type="stop" bracket="no" number="1" default-y="-20" placement="below" />
    </notations>
   </note>
  </measure>
  <!--============== Part: P1, Measure: 12 ==============-->
  <measure number="12" width="230">
   <note color="#000000" default-x="20">
    <pitch>
     <step>F</step>
     <octave>4</octave>
    </pitch>
    <duration>384</duration>
    <instrument id="P1-I1" />
    <voice>1</voice>
    <type>quarter</type>
    <dot />
    <stem>up</stem>
    <staff>1</staff>
   </note>
   <note color="#000000" default-x="105">
    <pitch>
     <step>F</step>
     <octave>4</octave>
    </pitch>
    <duration>128</duration>
    <instrument id="P1-I1" />
    <voice>1</voice>
    <type>eighth</type>
    <stem>up</stem>
    <staff>1</staff>
   </note>
   <note color="#000000" default-x="151">
    <pitch>
     <step>F</step>
     <octave>4</octave>
    </pitch>
    <duration>256</duration>
    <instrument id="P1-I1" />
    <voice>1</voice>
    <type>quarter</type>
    <stem>up</stem>
    <staff>1</staff>
   </note>
   <barline>
    <bar-style>light-heavy</bar-style>
   </barline>
  </measure>
 </part>
</score-partwise>
