<?xml version="1.0" encoding='UTF-8' standalone='no' ?>
<!DOCTYPE score-partwise PUBLIC "-//Recordare//DTD MusicXML 3.0 Partwise//EN" "http://www.musicxml.org/dtds/partwise.dtd">
<score-partwise version="3.0">
 <work>
  <work-title>Brachan Lom</work-title>
 </work>
 <identification>
  <encoding>
   <encoding-date>2015-06-03</encoding-date>
   <encoder>ITMA user</encoder>
   <software>Sibelius 7.1.3</software>
   <software>Direct export, not from Dolet</software>
   <encoding-description>Sibelius / MusicXML 3.0</encoding-description>
   <supports element="print" type="yes" value="yes" attribute="new-system" />
   <supports element="print" type="yes" value="yes" attribute="new-page" />
   <supports element="accidental" type="yes" />
   <supports element="beam" type="yes" />
   <supports element="stem" type="yes" />
  </encoding>
 </identification>
 <defaults>
  <scaling>
   <millimeters>210</millimeters>
   <tenths>1272</tenths>
  </scaling>
  <page-layout>
   <page-height>1030</page-height>
   <page-width>1272</page-width>
   <page-margins type="both">
    <left-margin>90</left-margin>
    <right-margin>90</right-margin>
    <top-margin>90</top-margin>
    <bottom-margin>90</bottom-margin>
   </page-margins>
  </page-layout>
  <system-layout>
   <system-distance>75</system-distance>
  </system-layout>
  <appearance>
   <line-width type="stem">0.9375</line-width>
   <line-width type="beam">5</line-width>
   <line-width type="staff">0.9375</line-width>
   <line-width type="light barline">1.5625</line-width>
   <line-width type="heavy barline">5</line-width>
   <line-width type="leger">1.5625</line-width>
   <line-width type="ending">1.5625</line-width>
   <line-width type="wedge">1.25</line-width>
   <line-width type="enclosure">0.9375</line-width>
   <line-width type="tuplet bracket">1.25</line-width>
   <line-width type="bracket">5</line-width>
   <line-width type="dashes">1.5625</line-width>
   <line-width type="extend">0.9375</line-width>
   <line-width type="octave shift">1.5625</line-width>
   <line-width type="pedal">1.5625</line-width>
   <line-width type="slur middle">1.5625</line-width>
   <line-width type="slur tip">0.625</line-width>
   <line-width type="tie middle">1.5625</line-width>
   <line-width type="tie tip">0.625</line-width>
   <note-size type="cue">75</note-size>
   <note-size type="grace">60</note-size>
  </appearance>
  <music-font font-family="Opus Std" font-size="18.7087" />
  <lyric-font font-family="Times New Roman" font-size="10.8159" />
  <lyric-language xml:lang="en" />
 </defaults>
 <credit page="1">
  <credit-words default-x="636" default-y="100" font-family="Times New Roman" font-style="normal" font-size="20.7549" font-weight="normal" justify="center" valign="middle">Brachan Lom</credit-words>
 </credit>
 <credit page="1">
  <credit-words default-x="112" default-y="103" font-family="Times New Roman" font-style="normal" font-size="10.9621" font-weight="normal" justify="left" valign="middle">Colm Ó Lochlainn ed., An Claisceadal (36 songsheets, Dublin, 1940s)</credit-words>
 </credit>
 <part-list>
  <score-part id="P1">
   <part-name> </part-name>
   <part-name-display>
    <display-text> </display-text>
   </part-name-display>
   <part-abbreviation> </part-abbreviation>
   <part-abbreviation-display>
    <display-text> </display-text>
   </part-abbreviation-display>
   <score-instrument id="P1-I1">
    <instrument-name> </instrument-name>
    <virtual-instrument>
     <virtual-library>General MIDI</virtual-library>
    </virtual-instrument>
   </score-instrument>
  </score-part>
 </part-list>
 <part id="P1">
  <!--============== Part: P1, Measure: 1 ==============-->
  <measure number="1" width="238">
   <print new-page="yes">
    <system-layout>
     <system-margins>
      <left-margin>0</left-margin>
      <right-margin>0</right-margin>
     </system-margins>
     <top-system-distance>146</top-system-distance>
    </system-layout>
   </print>
   <attributes>
    <divisions>256</divisions>
    <key color="#000000">
     <fifths>1</fifths>
     <mode>major</mode>
    </key>
    <time color="#000000">
     <beats>2</beats>
     <beat-type>4</beat-type>
    </time>
    <staves>1</staves>
    <clef number="1" color="#000000">
     <sign>G</sign>
     <line>2</line>
    </clef>
    <staff-details number="1" print-object="yes" />
   </attributes>
   <note color="#000000" default-x="93" default-y="-55">
    <pitch>
     <step>B</step>
     <octave>4</octave>
    </pitch>
    <duration>64</duration>
    <instrument id="P1-I1" />
    <voice>1</voice>
    <type>16th</type>
    <stem>down</stem>
    <staff>1</staff>
   </note>
   <note color="#000000" default-x="126" default-y="5">
    <pitch>
     <step>G</step>
     <octave>4</octave>
    </pitch>
    <duration>192</duration>
    <instrument id="P1-I1" />
    <voice>1</voice>
    <type>eighth</type>
    <dot />
    <stem>up</stem>
    <staff>1</staff>
   </note>
   <note color="#000000" default-x="178" default-y="5">
    <pitch>
     <step>G</step>
     <octave>4</octave>
    </pitch>
    <duration>256</duration>
    <instrument id="P1-I1" />
    <voice>1</voice>
    <type>quarter</type>
    <stem>up</stem>
    <staff>1</staff>
   </note>
  </measure>
  <!--============== Part: P1, Measure: 2 ==============-->
  <measure number="2" width="164">
   <note color="#000000" default-x="20" default-y="-10">
    <pitch>
     <step>D</step>
     <octave>4</octave>
    </pitch>
    <duration>64</duration>
    <instrument id="P1-I1" />
    <voice>1</voice>
    <type>16th</type>
    <stem>up</stem>
    <staff>1</staff>
   </note>
   <note color="#000000" default-x="53" default-y="5">
    <pitch>
     <step>G</step>
     <octave>4</octave>
    </pitch>
    <duration>192</duration>
    <instrument id="P1-I1" />
    <voice>1</voice>
    <type>eighth</type>
    <dot />
    <stem>up</stem>
    <staff>1</staff>
   </note>
   <direction>
    <direction-type>
     <words default-y="100" justify="right" valign="middle" font-family="Times New Roman" font-style="normal" font-size="20.7549" font-weight="normal">20b</words>
    </direction-type>
    <offset sound="no">113</offset>
    <voice>1</voice>
    <staff>1</staff>
   </direction>
   <note color="#000000" default-x="104" default-y="5">
    <pitch>
     <step>G</step>
     <octave>4</octave>
    </pitch>
    <duration>256</duration>
    <instrument id="P1-I1" />
    <voice>1</voice>
    <type>quarter</type>
    <stem>up</stem>
    <staff>1</staff>
   </note>
  </measure>
  <!--============== Part: P1, Measure: 3 ==============-->
  <measure number="3" width="191">
   <note color="#000000" default-x="20" default-y="-55">
    <pitch>
     <step>B</step>
     <octave>4</octave>
    </pitch>
    <duration>64</duration>
    <instrument id="P1-I1" />
    <voice>1</voice>
    <type>16th</type>
    <stem>down</stem>
    <staff>1</staff>
   </note>
   <note color="#000000" default-x="53" default-y="-50">
    <pitch>
     <step>C</step>
     <octave>5</octave>
    </pitch>
    <duration>192</duration>
    <instrument id="P1-I1" />
    <voice>1</voice>
    <type>eighth</type>
    <dot />
    <stem>down</stem>
    <staff>1</staff>
   </note>
   <note color="#000000" default-x="104" default-y="-49">
    <pitch>
     <step>D</step>
     <octave>5</octave>
    </pitch>
    <duration>128</duration>
    <instrument id="P1-I1" />
    <voice>1</voice>
    <type>eighth</type>
    <stem>down</stem>
    <staff>1</staff>
    <beam number="1">begin</beam>
    <notations>
     <slur color="#000000" type="start" orientation="over" />
    </notations>
   </note>
   <note color="#000000" default-x="148" default-y="-49">
    <pitch>
     <step>B</step>
     <octave>4</octave>
    </pitch>
    <duration>128</duration>
    <instrument id="P1-I1" />
    <voice>1</voice>
    <type>eighth</type>
    <stem>down</stem>
    <staff>1</staff>
    <beam number="1">end</beam>
    <notations>
     <slur color="#000000" type="stop" orientation="over" />
    </notations>
   </note>
  </measure>
  <!--============== Part: P1, Measure: 4 ==============-->
  <measure number="4" width="166">
   <note color="#000000" default-x="20" default-y="5">
    <pitch>
     <step>G</step>
     <octave>4</octave>
    </pitch>
    <duration>256</duration>
    <instrument id="P1-I1" />
    <voice>1</voice>
    <type>quarter</type>
    <stem>up</stem>
    <staff>1</staff>
   </note>
   <note color="#000000" default-x="80" default-y="5">
    <pitch>
     <step>G</step>
     <octave>4</octave>
    </pitch>
    <duration>128</duration>
    <instrument id="P1-I1" />
    <voice>1</voice>
    <type>eighth</type>
    <stem>up</stem>
    <staff>1</staff>
   </note>
   <note default-x="123">
    <rest />
    <duration>128</duration>
    <instrument id="P1-I1" />
    <voice>1</voice>
    <type>eighth</type>
    <staff>1</staff>
   </note>
  </measure>
  <!--============== Part: P1, Measure: 5 ==============-->
  <measure number="5" width="164">
   <note color="#000000" default-x="20" default-y="-50">
    <pitch>
     <step>C</step>
     <octave>5</octave>
    </pitch>
    <duration>64</duration>
    <instrument id="P1-I1" />
    <voice>1</voice>
    <type>16th</type>
    <stem>down</stem>
    <staff>1</staff>
   </note>
   <note color="#000000" default-x="53" default-y="10">
    <pitch>
     <step>A</step>
     <octave>4</octave>
    </pitch>
    <duration>192</duration>
    <instrument id="P1-I1" />
    <voice>1</voice>
    <type>eighth</type>
    <dot />
    <stem>up</stem>
    <staff>1</staff>
   </note>
   <note color="#000000" default-x="104" default-y="10">
    <pitch>
     <step>A</step>
     <octave>4</octave>
    </pitch>
    <duration>256</duration>
    <instrument id="P1-I1" />
    <voice>1</voice>
    <type>quarter</type>
    <stem>up</stem>
    <staff>1</staff>
   </note>
  </measure>
  <!--============== Part: P1, Measure: 6 ==============-->
  <measure number="6" width="164">
   <note color="#000000" default-x="20">
    <pitch>
     <step>F</step>
     <alter>1</alter>
     <octave>4</octave>
    </pitch>
    <duration>64</duration>
    <instrument id="P1-I1" />
    <voice>1</voice>
    <type>16th</type>
    <stem>up</stem>
    <staff>1</staff>
   </note>
   <note color="#000000" default-x="53" default-y="10">
    <pitch>
     <step>A</step>
     <octave>4</octave>
    </pitch>
    <duration>192</duration>
    <instrument id="P1-I1" />
    <voice>1</voice>
    <type>eighth</type>
    <dot />
    <stem>up</stem>
    <staff>1</staff>
   </note>
   <note color="#000000" default-x="104" default-y="10">
    <pitch>
     <step>A</step>
     <octave>4</octave>
    </pitch>
    <duration>256</duration>
    <instrument id="P1-I1" />
    <voice>1</voice>
    <type>quarter</type>
    <stem>up</stem>
    <staff>1</staff>
   </note>
  </measure>
  <!--============== Part: P1, Measure: 7 ==============-->
  <measure number="7" width="280">
   <print new-system="yes">
    <system-layout>
     <system-margins>
      <left-margin>0</left-margin>
      <right-margin>0</right-margin>
     </system-margins>
     <system-distance>75</system-distance>
    </system-layout>
   </print>
   <attributes>
    <staff-details number="1" print-object="yes" />
   </attributes>
   <note color="#000000" default-x="75">
    <pitch>
     <step>F</step>
     <alter>1</alter>
     <octave>4</octave>
    </pitch>
    <duration>64</duration>
    <instrument id="P1-I1" />
    <voice>1</voice>
    <type>16th</type>
    <stem>up</stem>
    <staff>1</staff>
   </note>
   <note color="#000000" default-x="115" default-y="10">
    <pitch>
     <step>A</step>
     <octave>4</octave>
    </pitch>
    <duration>192</duration>
    <instrument id="P1-I1" />
    <voice>1</voice>
    <type>eighth</type>
    <dot />
    <stem>up</stem>
    <staff>1</staff>
   </note>
   <note color="#000000" default-x="176" default-y="4">
    <pitch>
     <step>A</step>
     <octave>4</octave>
    </pitch>
    <duration>128</duration>
    <instrument id="P1-I1" />
    <voice>1</voice>
    <type>eighth</type>
    <stem>up</stem>
    <staff>1</staff>
    <beam number="1">begin</beam>
    <notations>
     <slur color="#000000" type="start" orientation="under" />
    </notations>
   </note>
   <note color="#000000" default-x="228" default-y="4">
    <pitch>
     <step>F</step>
     <alter>1</alter>
     <octave>4</octave>
    </pitch>
    <duration>128</duration>
    <instrument id="P1-I1" />
    <voice>1</voice>
    <type>eighth</type>
    <stem>up</stem>
    <staff>1</staff>
    <beam number="1">end</beam>
    <notations>
     <slur color="#000000" type="stop" orientation="under" />
    </notations>
   </note>
  </measure>
  <!--============== Part: P1, Measure: 8 ==============-->
  <measure number="8" width="196">
   <note color="#000000" default-x="20" default-y="-10">
    <pitch>
     <step>D</step>
     <octave>4</octave>
    </pitch>
    <duration>256</duration>
    <instrument id="P1-I1" />
    <voice>1</voice>
    <type>quarter</type>
    <stem>up</stem>
    <staff>1</staff>
   </note>
   <note color="#000000" default-x="92" default-y="-10">
    <pitch>
     <step>D</step>
     <octave>4</octave>
    </pitch>
    <duration>128</duration>
    <instrument id="P1-I1" />
    <voice>1</voice>
    <type>eighth</type>
    <stem>up</stem>
    <staff>1</staff>
   </note>
   <note default-x="144">
    <rest />
    <duration>128</duration>
    <instrument id="P1-I1" />
    <voice>1</voice>
    <type>eighth</type>
    <staff>1</staff>
   </note>
  </measure>
  <!--============== Part: P1, Measure: 9 ==============-->
  <measure number="9" width="193">
   <note color="#000000" default-x="20" default-y="-55">
    <pitch>
     <step>B</step>
     <octave>4</octave>
    </pitch>
    <duration>64</duration>
    <instrument id="P1-I1" />
    <voice>1</voice>
    <type>16th</type>
    <stem>down</stem>
    <staff>1</staff>
   </note>
   <note color="#000000" default-x="59" default-y="5">
    <pitch>
     <step>G</step>
     <octave>4</octave>
    </pitch>
    <duration>192</duration>
    <instrument id="P1-I1" />
    <voice>1</voice>
    <type>eighth</type>
    <dot />
    <stem>up</stem>
    <staff>1</staff>
   </note>
   <note color="#000000" default-x="121" default-y="5">
    <pitch>
     <step>G</step>
     <octave>4</octave>
    </pitch>
    <duration>256</duration>
    <instrument id="P1-I1" />
    <voice>1</voice>
    <type>quarter</type>
    <stem>up</stem>
    <staff>1</staff>
   </note>
  </measure>
  <!--============== Part: P1, Measure: 10 ==============-->
  <measure number="10" width="193">
   <note color="#000000" default-x="20" default-y="-10">
    <pitch>
     <step>D</step>
     <octave>4</octave>
    </pitch>
    <duration>64</duration>
    <instrument id="P1-I1" />
    <voice>1</voice>
    <type>16th</type>
    <stem>up</stem>
    <staff>1</staff>
   </note>
   <note color="#000000" default-x="59" default-y="5">
    <pitch>
     <step>G</step>
     <octave>4</octave>
    </pitch>
    <duration>192</duration>
    <instrument id="P1-I1" />
    <voice>1</voice>
    <type>eighth</type>
    <dot />
    <stem>up</stem>
    <staff>1</staff>
   </note>
   <note color="#000000" default-x="121" default-y="5">
    <pitch>
     <step>G</step>
     <octave>4</octave>
    </pitch>
    <duration>256</duration>
    <instrument id="P1-I1" />
    <voice>1</voice>
    <type>quarter</type>
    <stem>up</stem>
    <staff>1</staff>
   </note>
  </measure>
  <!--============== Part: P1, Measure: 11 ==============-->
  <measure number="11" width="225">
   <note color="#000000" default-x="20" default-y="-55">
    <pitch>
     <step>B</step>
     <octave>4</octave>
    </pitch>
    <duration>64</duration>
    <instrument id="P1-I1" />
    <voice>1</voice>
    <type>16th</type>
    <stem>down</stem>
    <staff>1</staff>
   </note>
   <note color="#000000" default-x="60" default-y="-50">
    <pitch>
     <step>C</step>
     <octave>5</octave>
    </pitch>
    <duration>192</duration>
    <instrument id="P1-I1" />
    <voice>1</voice>
    <type>eighth</type>
    <dot />
    <stem>down</stem>
    <staff>1</staff>
   </note>
   <note color="#000000" default-x="121" default-y="-49">
    <pitch>
     <step>D</step>
     <octave>5</octave>
    </pitch>
    <duration>128</duration>
    <instrument id="P1-I1" />
    <voice>1</voice>
    <type>eighth</type>
    <stem>down</stem>
    <staff>1</staff>
    <beam number="1">begin</beam>
    <notations>
     <slur color="#000000" type="start" orientation="over" />
    </notations>
   </note>
   <note color="#000000" default-x="173" default-y="-49">
    <pitch>
     <step>B</step>
     <octave>4</octave>
    </pitch>
    <duration>128</duration>
    <instrument id="P1-I1" />
    <voice>1</voice>
    <type>eighth</type>
    <stem>down</stem>
    <staff>1</staff>
    <beam number="1">end</beam>
    <notations>
     <slur color="#000000" type="stop" orientation="over" />
    </notations>
   </note>
  </measure>
  <!--============== Part: P1, Measure: 12 ==============-->
  <measure number="12" width="243">
   <print new-system="yes">
    <system-layout>
     <system-margins>
      <left-margin>0</left-margin>
      <right-margin>0</right-margin>
     </system-margins>
     <system-distance>75</system-distance>
    </system-layout>
   </print>
   <attributes>
    <staff-details number="1" print-object="yes" />
   </attributes>
   <note color="#000000" default-x="75" default-y="5">
    <pitch>
     <step>G</step>
     <octave>4</octave>
    </pitch>
    <duration>256</duration>
    <instrument id="P1-I1" />
    <voice>1</voice>
    <type>quarter</type>
    <stem>up</stem>
    <staff>1</staff>
   </note>
   <note color="#000000" default-x="143" default-y="5">
    <pitch>
     <step>G</step>
     <octave>4</octave>
    </pitch>
    <duration>128</duration>
    <instrument id="P1-I1" />
    <voice>1</voice>
    <type>eighth</type>
    <stem>up</stem>
    <staff>1</staff>
   </note>
   <note default-x="193">
    <rest />
    <duration>128</duration>
    <instrument id="P1-I1" />
    <voice>1</voice>
    <type>eighth</type>
    <staff>1</staff>
   </note>
  </measure>
  <!--============== Part: P1, Measure: 13 ==============-->
  <measure number="13" width="214">
   <note color="#000000" default-x="20" default-y="-40">
    <pitch>
     <step>E</step>
     <octave>5</octave>
    </pitch>
    <duration>64</duration>
    <instrument id="P1-I1" />
    <voice>1</voice>
    <type>16th</type>
    <stem>down</stem>
    <staff>1</staff>
   </note>
   <note color="#000000" default-x="58" default-y="-50">
    <pitch>
     <step>C</step>
     <octave>5</octave>
    </pitch>
    <duration>192</duration>
    <instrument id="P1-I1" />
    <voice>1</voice>
    <type>eighth</type>
    <dot />
    <stem>down</stem>
    <staff>1</staff>
   </note>
   <note color="#000000" default-x="116" default-y="-45">
    <pitch>
     <step>D</step>
     <octave>5</octave>
    </pitch>
    <duration>192</duration>
    <instrument id="P1-I1" />
    <voice>1</voice>
    <type>eighth</type>
    <dot />
    <stem>down</stem>
    <staff>1</staff>
   </note>
   <note color="#000000" default-x="175" default-y="-55">
    <pitch>
     <step>B</step>
     <octave>4</octave>
    </pitch>
    <duration>64</duration>
    <instrument id="P1-I1" />
    <voice>1</voice>
    <type>16th</type>
    <stem>down</stem>
    <staff>1</staff>
   </note>
  </measure>
  <!--============== Part: P1, Measure: 14 ==============-->
  <measure number="14" width="216">
   <note color="#000000" default-x="20" default-y="-50">
    <pitch>
     <step>C</step>
     <octave>5</octave>
    </pitch>
    <duration>64</duration>
    <instrument id="P1-I1" />
    <voice>1</voice>
    <type>16th</type>
    <stem>down</stem>
    <staff>1</staff>
   </note>
   <note color="#000000" default-x="58" default-y="10">
    <pitch>
     <step>A</step>
     <octave>4</octave>
    </pitch>
    <duration>192</duration>
    <instrument id="P1-I1" />
    <voice>1</voice>
    <type>eighth</type>
    <dot />
    <stem>up</stem>
    <staff>1</staff>
   </note>
   <note color="#000000" default-x="117" default-y="12">
    <pitch>
     <step>B</step>
     <octave>4</octave>
    </pitch>
    <duration>128</duration>
    <instrument id="P1-I1" />
    <voice>1</voice>
    <type>eighth</type>
    <stem>up</stem>
    <staff>1</staff>
    <beam number="1">begin</beam>
    <notations>
     <slur color="#000000" type="start" orientation="under" />
    </notations>
   </note>
   <note color="#000000" default-x="166" default-y="12">
    <pitch>
     <step>G</step>
     <octave>4</octave>
    </pitch>
    <duration>128</duration>
    <instrument id="P1-I1" />
    <voice>1</voice>
    <type>eighth</type>
    <stem>up</stem>
    <staff>1</staff>
    <beam number="1">end</beam>
    <notations>
     <slur color="#000000" type="stop" orientation="under" />
    </notations>
   </note>
  </measure>
  <!--============== Part: P1, Measure: 15 ==============-->
  <measure number="15" width="216">
   <note color="#000000" default-x="20" default-y="10">
    <pitch>
     <step>A</step>
     <octave>4</octave>
    </pitch>
    <duration>64</duration>
    <instrument id="P1-I1" />
    <voice>1</voice>
    <type>16th</type>
    <stem>up</stem>
    <staff>1</staff>
   </note>
   <note color="#000000" default-x="58">
    <pitch>
     <step>F</step>
     <alter>1</alter>
     <octave>4</octave>
    </pitch>
    <duration>192</duration>
    <instrument id="P1-I1" />
    <voice>1</voice>
    <type>eighth</type>
    <dot />
    <stem>up</stem>
    <staff>1</staff>
   </note>
   <note color="#000000" default-x="117">
    <pitch>
     <step>D</step>
     <octave>4</octave>
    </pitch>
    <duration>128</duration>
    <instrument id="P1-I1" />
    <voice>1</voice>
    <type>eighth</type>
    <stem>up</stem>
    <staff>1</staff>
    <beam number="1">begin</beam>
    <notations>
     <slur color="#000000" type="start" orientation="under" />
    </notations>
   </note>
   <note color="#000000" default-x="166">
    <pitch>
     <step>F</step>
     <alter>1</alter>
     <octave>4</octave>
    </pitch>
    <duration>128</duration>
    <instrument id="P1-I1" />
    <voice>1</voice>
    <type>eighth</type>
    <stem>up</stem>
    <staff>1</staff>
    <beam number="1">end</beam>
    <notations>
     <slur color="#000000" type="stop" orientation="under" />
    </notations>
   </note>
  </measure>
  <!--============== Part: P1, Measure: 16 ==============-->
  <measure number="16" width="200">
   <note color="#000000" default-x="20" default-y="5">
    <pitch>
     <step>G</step>
     <octave>4</octave>
    </pitch>
    <duration>256</duration>
    <instrument id="P1-I1" />
    <voice>1</voice>
    <type>quarter</type>
    <stem>up</stem>
    <staff>1</staff>
   </note>
   <note color="#000000" default-x="88" default-y="5">
    <pitch>
     <step>G</step>
     <octave>4</octave>
    </pitch>
    <duration>128</duration>
    <instrument id="P1-I1" />
    <voice>1</voice>
    <type>eighth</type>
    <stem>up</stem>
    <staff>1</staff>
   </note>
   <note default-x="138">
    <rest />
    <duration>128</duration>
    <instrument id="P1-I1" />
    <voice>1</voice>
    <type>eighth</type>
    <staff>1</staff>
   </note>
   <barline>
    <bar-style>light-light</bar-style>
   </barline>
  </measure>
  <!--============== Part: P1, Measure: 17 ==============-->
  <measure number="17" width="267">
   <print new-system="yes">
    <system-layout>
     <system-margins>
      <left-margin>0</left-margin>
      <right-margin>0</right-margin>
     </system-margins>
     <system-distance>75</system-distance>
    </system-layout>
   </print>
   <attributes>
    <staff-details number="1" print-object="yes" />
   </attributes>
   <direction>
    <direction-type>
     <words default-x="70" default-y="17" justify="left" valign="middle" font-family="Times New Roman" font-style="italic" font-size="12.2776" font-weight="normal">Luinneóg:</words>
    </direction-type>
    <voice>1</voice>
    <staff>1</staff>
   </direction>
   <note color="#000000" default-x="75" default-y="-55">
    <pitch>
     <step>B</step>
     <octave>4</octave>
    </pitch>
    <duration>64</duration>
    <instrument id="P1-I1" />
    <voice>1</voice>
    <type>16th</type>
    <stem>down</stem>
    <staff>1</staff>
   </note>
   <note color="#000000" default-x="112" default-y="-45">
    <pitch>
     <step>D</step>
     <octave>5</octave>
    </pitch>
    <duration>192</duration>
    <instrument id="P1-I1" />
    <voice>1</voice>
    <type>eighth</type>
    <dot />
    <stem>down</stem>
    <staff>1</staff>
   </note>
   <note color="#000000" default-x="171" default-y="-45">
    <pitch>
     <step>D</step>
     <octave>5</octave>
    </pitch>
    <duration>64</duration>
    <instrument id="P1-I1" />
    <voice>1</voice>
    <type>16th</type>
    <stem>down</stem>
    <staff>1</staff>
   </note>
   <note color="#000000" default-x="208" default-y="-45">
    <pitch>
     <step>D</step>
     <octave>5</octave>
    </pitch>
    <duration>192</duration>
    <instrument id="P1-I1" />
    <voice>1</voice>
    <type>eighth</type>
    <dot />
    <stem>down</stem>
    <staff>1</staff>
   </note>
  </measure>
  <!--============== Part: P1, Measure: 18 ==============-->
  <measure number="18" width="212">
   <note color="#000000" default-x="20" default-y="-55">
    <pitch>
     <step>B</step>
     <octave>4</octave>
    </pitch>
    <duration>64</duration>
    <instrument id="P1-I1" />
    <voice>1</voice>
    <type>16th</type>
    <stem>down</stem>
    <staff>1</staff>
   </note>
   <note color="#000000" default-x="57" default-y="-45">
    <pitch>
     <step>D</step>
     <octave>5</octave>
    </pitch>
    <duration>192</duration>
    <instrument id="P1-I1" />
    <voice>1</voice>
    <type>eighth</type>
    <dot />
    <stem>down</stem>
    <staff>1</staff>
   </note>
   <note color="#000000" default-x="116" default-y="-45">
    <pitch>
     <step>D</step>
     <octave>5</octave>
    </pitch>
    <duration>64</duration>
    <instrument id="P1-I1" />
    <voice>1</voice>
    <type>16th</type>
    <stem>down</stem>
    <staff>1</staff>
   </note>
   <note color="#000000" default-x="154" default-y="-45">
    <pitch>
     <step>D</step>
     <octave>5</octave>
    </pitch>
    <duration>192</duration>
    <instrument id="P1-I1" />
    <voice>1</voice>
    <type>eighth</type>
    <dot />
    <stem>down</stem>
    <staff>1</staff>
   </note>
  </measure>
  <!--============== Part: P1, Measure: 19 ==============-->
  <measure number="19" width="212">
   <note color="#000000" default-x="20" default-y="-55">
    <pitch>
     <step>B</step>
     <octave>4</octave>
    </pitch>
    <duration>64</duration>
    <instrument id="P1-I1" />
    <voice>1</voice>
    <type>16th</type>
    <stem>down</stem>
    <staff>1</staff>
   </note>
   <note color="#000000" default-x="57" default-y="-45">
    <pitch>
     <step>D</step>
     <octave>5</octave>
    </pitch>
    <duration>192</duration>
    <instrument id="P1-I1" />
    <voice>1</voice>
    <type>eighth</type>
    <dot />
    <stem>down</stem>
    <staff>1</staff>
   </note>
   <note color="#000000" default-x="115" default-y="-45">
    <pitch>
     <step>D</step>
     <octave>5</octave>
    </pitch>
    <duration>64</duration>
    <instrument id="P1-I1" />
    <voice>1</voice>
    <type>16th</type>
    <stem>down</stem>
    <staff>1</staff>
   </note>
   <note color="#000000" default-x="153" default-y="-55">
    <pitch>
     <step>B</step>
     <octave>4</octave>
    </pitch>
    <duration>192</duration>
    <instrument id="P1-I1" />
    <voice>1</voice>
    <type>eighth</type>
    <dot />
    <stem>down</stem>
    <staff>1</staff>
   </note>
  </measure>
  <!--============== Part: P1, Measure: 20 ==============-->
  <measure number="20" width="186">
   <note color="#000000" default-x="20" default-y="5">
    <pitch>
     <step>G</step>
     <octave>4</octave>
    </pitch>
    <duration>256</duration>
    <instrument id="P1-I1" />
    <voice>1</voice>
    <type>quarter</type>
    <stem>up</stem>
    <staff>1</staff>
   </note>
   <note color="#000000" default-x="88" default-y="5">
    <pitch>
     <step>G</step>
     <octave>4</octave>
    </pitch>
    <duration>128</duration>
    <instrument id="P1-I1" />
    <voice>1</voice>
    <type>eighth</type>
    <stem>up</stem>
    <staff>1</staff>
   </note>
   <note default-x="137">
    <rest />
    <duration>128</duration>
    <instrument id="P1-I1" />
    <voice>1</voice>
    <type>eighth</type>
    <staff>1</staff>
   </note>
  </measure>
  <!--============== Part: P1, Measure: 21 ==============-->
  <measure number="21" width="212">
   <note color="#000000" default-x="20" default-y="-50">
    <pitch>
     <step>C</step>
     <octave>5</octave>
    </pitch>
    <duration>64</duration>
    <instrument id="P1-I1" />
    <voice>1</voice>
    <type>16th</type>
    <stem>down</stem>
    <staff>1</staff>
   </note>
   <note color="#000000" default-x="57" default-y="-40">
    <pitch>
     <step>E</step>
     <octave>5</octave>
    </pitch>
    <duration>192</duration>
    <instrument id="P1-I1" />
    <voice>1</voice>
    <type>eighth</type>
    <dot />
    <stem>down</stem>
    <staff>1</staff>
   </note>
   <note color="#000000" default-x="115" default-y="-40">
    <pitch>
     <step>E</step>
     <octave>5</octave>
    </pitch>
    <duration>64</duration>
    <instrument id="P1-I1" />
    <voice>1</voice>
    <type>16th</type>
    <stem>down</stem>
    <staff>1</staff>
   </note>
   <note color="#000000" default-x="153" default-y="-40">
    <pitch>
     <step>E</step>
     <octave>5</octave>
    </pitch>
    <duration>192</duration>
    <instrument id="P1-I1" />
    <voice>1</voice>
    <type>eighth</type>
    <dot />
    <stem>down</stem>
    <staff>1</staff>
   </note>
  </measure>
  <!--============== Part: P1, Measure: 22 ==============-->
  <measure number="22" width="231">
   <print new-system="yes">
    <system-layout>
     <system-margins>
      <left-margin>0</left-margin>
      <right-margin>0</right-margin>
     </system-margins>
     <system-distance>75</system-distance>
    </system-layout>
   </print>
   <attributes>
    <staff-details number="1" print-object="yes" />
   </attributes>
   <note color="#000000" default-x="75" default-y="-50">
    <pitch>
     <step>C</step>
     <octave>5</octave>
    </pitch>
    <duration>64</duration>
    <instrument id="P1-I1" />
    <voice>1</voice>
    <type>16th</type>
    <stem>down</stem>
    <staff>1</staff>
   </note>
   <note color="#000000" default-x="105" default-y="-40">
    <pitch>
     <step>E</step>
     <octave>5</octave>
    </pitch>
    <duration>192</duration>
    <instrument id="P1-I1" />
    <voice>1</voice>
    <type>eighth</type>
    <dot />
    <stem>down</stem>
    <staff>1</staff>
   </note>
   <note color="#000000" default-x="153" default-y="-40">
    <pitch>
     <step>E</step>
     <octave>5</octave>
    </pitch>
    <duration>64</duration>
    <instrument id="P1-I1" />
    <voice>1</voice>
    <type>16th</type>
    <stem>down</stem>
    <staff>1</staff>
   </note>
   <note color="#000000" default-x="183" default-y="-40">
    <pitch>
     <step>E</step>
     <octave>5</octave>
    </pitch>
    <duration>192</duration>
    <instrument id="P1-I1" />
    <voice>1</voice>
    <type>eighth</type>
    <dot />
    <stem>down</stem>
    <staff>1</staff>
   </note>
  </measure>
  <!--============== Part: P1, Measure: 23 ==============-->
  <measure number="23" width="175">
   <note color="#000000" default-x="20" default-y="-50">
    <pitch>
     <step>C</step>
     <octave>5</octave>
    </pitch>
    <duration>64</duration>
    <instrument id="P1-I1" />
    <voice>1</voice>
    <type>16th</type>
    <stem>down</stem>
    <staff>1</staff>
   </note>
   <note color="#000000" default-x="50" default-y="-40">
    <pitch>
     <step>E</step>
     <octave>5</octave>
    </pitch>
    <duration>192</duration>
    <instrument id="P1-I1" />
    <voice>1</voice>
    <type>eighth</type>
    <dot />
    <stem>down</stem>
    <staff>1</staff>
   </note>
   <note color="#000000" default-x="97" default-y="-40">
    <pitch>
     <step>E</step>
     <octave>5</octave>
    </pitch>
    <duration>64</duration>
    <instrument id="P1-I1" />
    <voice>1</voice>
    <type>16th</type>
    <stem>down</stem>
    <staff>1</staff>
   </note>
   <note color="#000000" default-x="128" default-y="-50">
    <pitch>
     <step>C</step>
     <octave>5</octave>
    </pitch>
    <duration>192</duration>
    <instrument id="P1-I1" />
    <voice>1</voice>
    <type>eighth</type>
    <dot />
    <stem>down</stem>
    <staff>1</staff>
   </note>
  </measure>
  <!--============== Part: P1, Measure: 24 ==============-->
  <measure number="24" width="155">
   <note color="#000000" default-x="20" default-y="10">
    <pitch>
     <step>A</step>
     <octave>4</octave>
    </pitch>
    <duration>256</duration>
    <instrument id="P1-I1" />
    <voice>1</voice>
    <type>quarter</type>
    <stem>up</stem>
    <staff>1</staff>
   </note>
   <note color="#000000" default-x="75" default-y="10">
    <pitch>
     <step>A</step>
     <octave>4</octave>
    </pitch>
    <duration>128</duration>
    <instrument id="P1-I1" />
    <voice>1</voice>
    <type>eighth</type>
    <stem>up</stem>
    <staff>1</staff>
   </note>
   <note default-x="115">
    <rest />
    <duration>128</duration>
    <instrument id="P1-I1" />
    <voice>1</voice>
    <type>eighth</type>
    <staff>1</staff>
   </note>
  </measure>
  <!--============== Part: P1, Measure: 25 ==============-->
  <measure number="25" width="176">
   <note color="#000000" default-x="20" default-y="-55">
    <pitch>
     <step>B</step>
     <octave>4</octave>
    </pitch>
    <duration>64</duration>
    <instrument id="P1-I1" />
    <voice>1</voice>
    <type>16th</type>
    <stem>down</stem>
    <staff>1</staff>
   </note>
   <note color="#000000" default-x="50" default-y="-45">
    <pitch>
     <step>D</step>
     <octave>5</octave>
    </pitch>
    <duration>192</duration>
    <instrument id="P1-I1" />
    <voice>1</voice>
    <type>eighth</type>
    <dot />
    <stem>down</stem>
    <staff>1</staff>
   </note>
   <note color="#000000" default-x="98" default-y="-45">
    <pitch>
     <step>D</step>
     <octave>5</octave>
    </pitch>
    <duration>64</duration>
    <instrument id="P1-I1" />
    <voice>1</voice>
    <type>16th</type>
    <stem>down</stem>
    <staff>1</staff>
   </note>
   <note color="#000000" default-x="128" default-y="-45">
    <pitch>
     <step>D</step>
     <octave>5</octave>
    </pitch>
    <duration>192</duration>
    <instrument id="P1-I1" />
    <voice>1</voice>
    <type>eighth</type>
    <dot />
    <stem>down</stem>
    <staff>1</staff>
   </note>
  </measure>
  <!--============== Part: P1, Measure: 26 ==============-->
  <measure number="26" width="175">
   <note color="#000000" default-x="20" default-y="-55">
    <pitch>
     <step>B</step>
     <octave>4</octave>
    </pitch>
    <duration>64</duration>
    <instrument id="P1-I1" />
    <voice>1</voice>
    <type>16th</type>
    <stem>down</stem>
    <staff>1</staff>
   </note>
   <note color="#000000" default-x="50" default-y="-45">
    <pitch>
     <step>D</step>
     <octave>5</octave>
    </pitch>
    <duration>192</duration>
    <instrument id="P1-I1" />
    <voice>1</voice>
    <type>eighth</type>
    <dot />
    <stem>down</stem>
    <staff>1</staff>
   </note>
   <note color="#000000" default-x="98" default-y="-45">
    <pitch>
     <step>D</step>
     <octave>5</octave>
    </pitch>
    <duration>64</duration>
    <instrument id="P1-I1" />
    <voice>1</voice>
    <type>16th</type>
    <stem>down</stem>
    <staff>1</staff>
   </note>
   <note color="#000000" default-x="128" default-y="-45">
    <pitch>
     <step>D</step>
     <octave>5</octave>
    </pitch>
    <duration>192</duration>
    <instrument id="P1-I1" />
    <voice>1</voice>
    <type>eighth</type>
    <dot />
    <stem>down</stem>
    <staff>1</staff>
   </note>
  </measure>
  <!--============== Part: P1, Measure: 27 ==============-->
  <measure number="27" width="176">
   <note color="#000000" default-x="20" default-y="-55">
    <pitch>
     <step>B</step>
     <octave>4</octave>
    </pitch>
    <duration>64</duration>
    <instrument id="P1-I1" />
    <voice>1</voice>
    <type>16th</type>
    <stem>down</stem>
    <staff>1</staff>
   </note>
   <note color="#000000" default-x="50" default-y="-45">
    <pitch>
     <step>D</step>
     <octave>5</octave>
    </pitch>
    <duration>192</duration>
    <instrument id="P1-I1" />
    <voice>1</voice>
    <type>eighth</type>
    <dot />
    <stem>down</stem>
    <staff>1</staff>
   </note>
   <note color="#000000" default-x="98" default-y="-45">
    <pitch>
     <step>D</step>
     <octave>5</octave>
    </pitch>
    <duration>64</duration>
    <instrument id="P1-I1" />
    <voice>1</voice>
    <type>16th</type>
    <stem>down</stem>
    <staff>1</staff>
   </note>
   <note color="#000000" default-x="128" default-y="-55">
    <pitch>
     <step>B</step>
     <octave>4</octave>
    </pitch>
    <duration>192</duration>
    <instrument id="P1-I1" />
    <voice>1</voice>
    <type>eighth</type>
    <dot />
    <stem>down</stem>
    <staff>1</staff>
   </note>
  </measure>
  <!--============== Part: P1, Measure: 28 ==============-->
  <measure number="28" width="243">
   <print new-system="yes">
    <system-layout>
     <system-margins>
      <left-margin>0</left-margin>
      <right-margin>0</right-margin>
     </system-margins>
     <system-distance>75</system-distance>
    </system-layout>
   </print>
   <attributes>
    <staff-details number="1" print-object="yes" />
   </attributes>
   <note color="#000000" default-x="75" default-y="5">
    <pitch>
     <step>G</step>
     <octave>4</octave>
    </pitch>
    <duration>256</duration>
    <instrument id="P1-I1" />
    <voice>1</voice>
    <type>quarter</type>
    <stem>up</stem>
    <staff>1</staff>
   </note>
   <note color="#000000" default-x="143" default-y="5">
    <pitch>
     <step>G</step>
     <octave>4</octave>
    </pitch>
    <duration>128</duration>
    <instrument id="P1-I1" />
    <voice>1</voice>
    <type>eighth</type>
    <stem>up</stem>
    <staff>1</staff>
   </note>
   <note default-x="193">
    <rest />
    <duration>128</duration>
    <instrument id="P1-I1" />
    <voice>1</voice>
    <type>eighth</type>
    <staff>1</staff>
   </note>
  </measure>
  <!--============== Part: P1, Measure: 29 ==============-->
  <measure number="29" width="214">
   <note color="#000000" default-x="20" default-y="-40">
    <pitch>
     <step>E</step>
     <octave>5</octave>
    </pitch>
    <duration>64</duration>
    <instrument id="P1-I1" />
    <voice>1</voice>
    <type>16th</type>
    <stem>down</stem>
    <staff>1</staff>
   </note>
   <note color="#000000" default-x="58" default-y="-50">
    <pitch>
     <step>C</step>
     <octave>5</octave>
    </pitch>
    <duration>192</duration>
    <instrument id="P1-I1" />
    <voice>1</voice>
    <type>eighth</type>
    <dot />
    <stem>down</stem>
    <staff>1</staff>
   </note>
   <note color="#000000" default-x="116" default-y="-45">
    <pitch>
     <step>D</step>
     <octave>5</octave>
    </pitch>
    <duration>192</duration>
    <instrument id="P1-I1" />
    <voice>1</voice>
    <type>eighth</type>
    <dot />
    <stem>down</stem>
    <staff>1</staff>
   </note>
   <note color="#000000" default-x="175" default-y="-55">
    <pitch>
     <step>B</step>
     <octave>4</octave>
    </pitch>
    <duration>64</duration>
    <instrument id="P1-I1" />
    <voice>1</voice>
    <type>16th</type>
    <stem>down</stem>
    <staff>1</staff>
   </note>
  </measure>
  <!--============== Part: P1, Measure: 30 ==============-->
  <measure number="30" width="216">
   <note color="#000000" default-x="20" default-y="-50">
    <pitch>
     <step>C</step>
     <octave>5</octave>
    </pitch>
    <duration>64</duration>
    <instrument id="P1-I1" />
    <voice>1</voice>
    <type>16th</type>
    <stem>down</stem>
    <staff>1</staff>
   </note>
   <note color="#000000" default-x="58" default-y="10">
    <pitch>
     <step>A</step>
     <octave>4</octave>
    </pitch>
    <duration>192</duration>
    <instrument id="P1-I1" />
    <voice>1</voice>
    <type>eighth</type>
    <dot />
    <stem>up</stem>
    <staff>1</staff>
   </note>
   <note color="#000000" default-x="116" default-y="12">
    <pitch>
     <step>B</step>
     <octave>4</octave>
    </pitch>
    <duration>128</duration>
    <instrument id="P1-I1" />
    <voice>1</voice>
    <type>eighth</type>
    <stem>up</stem>
    <staff>1</staff>
    <beam number="1">begin</beam>
    <notations>
     <slur color="#000000" type="start" orientation="under" />
    </notations>
   </note>
   <note color="#000000" default-x="166" default-y="12">
    <pitch>
     <step>G</step>
     <octave>4</octave>
    </pitch>
    <duration>128</duration>
    <instrument id="P1-I1" />
    <voice>1</voice>
    <type>eighth</type>
    <stem>up</stem>
    <staff>1</staff>
    <beam number="1">end</beam>
    <notations>
     <slur color="#000000" type="stop" orientation="under" />
    </notations>
   </note>
  </measure>
  <!--============== Part: P1, Measure: 31 ==============-->
  <measure number="31" width="214">
   <note color="#000000" default-x="20" default-y="10">
    <pitch>
     <step>A</step>
     <octave>4</octave>
    </pitch>
    <duration>64</duration>
    <instrument id="P1-I1" />
    <voice>1</voice>
    <type>16th</type>
    <stem>up</stem>
    <staff>1</staff>
   </note>
   <note color="#000000" default-x="58">
    <pitch>
     <step>F</step>
     <alter>1</alter>
     <octave>4</octave>
    </pitch>
    <duration>192</duration>
    <instrument id="P1-I1" />
    <voice>1</voice>
    <type>eighth</type>
    <dot />
    <stem>up</stem>
    <staff>1</staff>
   </note>
   <note color="#000000" default-x="117" default-y="-10">
    <pitch>
     <step>D</step>
     <octave>4</octave>
    </pitch>
    <duration>64</duration>
    <instrument id="P1-I1" />
    <voice>1</voice>
    <type>16th</type>
    <stem>up</stem>
    <staff>1</staff>
   </note>
   <note color="#000000" default-x="155">
    <pitch>
     <step>F</step>
     <alter>1</alter>
     <octave>4</octave>
    </pitch>
    <duration>192</duration>
    <instrument id="P1-I1" />
    <voice>1</voice>
    <type>eighth</type>
    <dot />
    <stem>up</stem>
    <staff>1</staff>
   </note>
  </measure>
  <!--============== Part: P1, Measure: 32 ==============-->
  <measure number="32" width="203">
   <note color="#000000" default-x="20" default-y="5">
    <pitch>
     <step>G</step>
     <octave>4</octave>
    </pitch>
    <duration>256</duration>
    <instrument id="P1-I1" />
    <voice>1</voice>
    <type>quarter</type>
    <stem>up</stem>
    <staff>1</staff>
   </note>
   <note color="#000000" default-x="88" default-y="5">
    <pitch>
     <step>G</step>
     <octave>4</octave>
    </pitch>
    <duration>128</duration>
    <instrument id="P1-I1" />
    <voice>1</voice>
    <type>eighth</type>
    <stem>up</stem>
    <staff>1</staff>
   </note>
   <note default-x="138">
    <rest />
    <duration>128</duration>
    <instrument id="P1-I1" />
    <voice>1</voice>
    <type>eighth</type>
    <staff>1</staff>
   </note>
   <barline>
    <bar-style>light-heavy</bar-style>
   </barline>
  </measure>
 </part>
</score-partwise>
